key,x,y,color
1,-0.070972573,0.039811076,2
2,-0.077305229,0.008992499,2
3,-0.016437449,-0.011615643,1
4,0.068885628,-0.028114098,7
5,-0.025365672,0.026979496,2
6,-0.070405321,-0.028874009,2
7,0.017962540,-0.016193536,3
8,0.069986450,-0.023579795,7
9,-0.059483240,-0.000861834,2
10,0.041171794,-0.008376074,3
11,0.075856414,-0.037468331,7
12,-0.027319002,0.016027088,2
13,0.024469686,-0.003880911,3
14,-0.051502687,0.021977448,2
15,0.068450056,0.021090239,3
16,0.051619460,0.018681736,3
17,-0.037046211,0.000560884,2
18,0.078887654,0.044391187,6
19,-0.013375118,0.016157435,1
20,-0.043639178,-0.060596484,2
21,0.014648124,0.013143320,3
22,0.020707327,-0.004792383,3
23,-0.035625593,-0.021054325,1
24,0.008118042,-0.001513506,5
25,0.023077096,-0.012154861,3
26,0.028716556,-0.064641511,4
27,-0.025931908,0.010937638,2
28,-0.039319062,-0.005949965,2
29,-0.021942026,0.026709523,5
30,-0.050043408,-0.010608882,2
31,-0.049776005,-0.013637240,2
32,0.030994911,0.002402491,3
33,-0.025860328,-0.043580893,4
34,0.050514795,-0.059063509,7
35,-0.005039110,0.029680823,5
36,-0.066001537,0.018003951,2
37,0.072746391,-0.038491133,7
38,-0.081595201,0.013434081,0
39,0.006086863,-0.027205566,1
40,-0.055265837,-0.007765544,2
41,-0.103104559,-0.011083568,0
42,0.202086538,0.045559022,6
43,-0.080789173,0.053726998,0
44,0.012082760,0.022544505,5
45,0.039013541,0.039091254,3
46,0.028451551,-0.029586863,7
47,-0.052821008,0.048803474,2
48,0.051106505,-0.033282109,7
49,0.028387345,-0.024504323,4
50,0.039948485,0.027641897,3
51,0.073178623,0.028843030,3
52,-0.020657270,-0.015889134,1
53,0.028535662,-0.009308177,3
54,-0.010278243,0.000554650,1
55,0.051305873,0.014251893,3
56,-0.038286079,-0.025598881,1
57,0.116228140,0.013311655,6
58,-0.001375450,-0.017398101,1
59,0.019761546,0.055324042,5
60,-0.041802117,0.014098597,2
61,-0.022230490,0.001565902,2
62,-0.001663137,0.036678227,5
63,0.038029266,-0.003646635,3
64,-0.036197255,-0.029512378,2
65,-0.059312681,-0.061925039,4
66,0.058058692,0.042975742,3
67,-0.011667063,0.016661672,5
68,-0.102356526,0.017138724,0
69,0.041515228,0.029707911,3
70,0.079066160,0.036653609,6
71,-0.039566782,0.005349971,1
72,0.003637207,0.027565644,5
73,0.030354572,0.013095110,3
74,-0.056015364,0.005304126,2
75,-0.023456121,-0.040986794,4
76,-0.039438005,0.008895073,2
77,-0.062739491,0.004233667,2
78,-0.034499760,-0.024946560,2
79,0.065551903,-0.037278664,7
80,-0.005183035,0.013381566,1
81,-0.038548384,-0.017181266,2
82,0.041202878,0.009981949,3
83,0.070670526,-0.012892217,6
84,-0.013322791,-0.022203804,1
85,-0.024881176,0.007197234,2
86,0.085886968,-0.003541286,6
87,-0.043164299,-0.043608662,4
88,0.063011025,-0.008377081,3
89,-0.025835175,0.010930360,2
90,-0.006792465,0.016636077,5
91,-0.060339602,0.015593432,2
92,-0.036487582,0.006227458,2
93,0.007486286,0.019928045,5
94,0.011077051,0.038243881,5
95,-0.034692230,-0.002327722,1
96,0.043188199,0.024058214,3
97,-0.003455074,0.004869226,5
98,0.016603222,-0.039116771,4
99,-0.008157736,0.006556016,5
100,-0.057866994,-0.020726079,2
101,-0.003478428,0.015658946,5
102,0.008318772,-0.022250739,1
103,-0.066414942,-0.004691591,2
104,-0.056535979,-0.038695506,1
105,-0.004556161,0.046646954,5
106,0.002146510,0.015996262,5
107,0.099025566,-0.061162212,7
108,-0.033140066,-0.011914028,1
109,0.024207878,0.009839303,3
110,-0.017838530,-0.041217888,4
111,-0.035502259,0.004021500,2
112,-0.049841706,0.084663909,2
113,-0.051027937,0.019228861,0
114,0.001157837,0.008519423,1
115,0.006773391,0.013574177,5
116,-0.009740971,-0.017387300,1
117,-0.030060403,0.016443778,1
118,0.004632376,0.034298930,5
119,0.028213046,0.040089081,3
120,0.003656106,-0.045259552,4
121,0.032047088,0.059642941,3
122,0.027928532,-0.074715663,7
123,0.017324497,-0.055582303,4
124,0.004716475,0.005777957,1
125,0.010490430,-0.041230101,4
126,0.002335597,0.043059948,5
127,0.008222783,-0.005671122,1
128,-0.028658184,0.015453929,2
129,-0.010087803,0.005724720,1
130,-0.031386280,0.006441268,2
131,-0.018718395,-0.018511067,1
132,0.016857596,-0.022820575,1
133,0.021009564,-0.006048501,1
134,-0.028991788,-0.032710704,4
135,0.024458235,0.009532197,3
136,-0.036834811,0.025287709,2
137,0.058576369,0.022567114,3
138,-0.014085246,0.001163470,2
139,-0.048391774,-0.022263658,1
140,-0.012070000,-0.025942004,1
141,0.014229220,-0.009192239,1
142,-0.048742475,0.029764513,2
143,-0.112560229,0.022307858,0
144,0.053031198,-0.003400869,3
145,-0.020504489,0.045220266,5
146,-0.015862476,-0.000160755,1
147,0.061453909,0.030522668,3
148,0.059150758,-0.027991022,7
149,0.024206899,0.025412078,5
150,-0.068131494,0.089848089,2
151,-0.063778213,-0.001279954,2
152,0.185508851,-0.014062093,6
153,-0.000481344,-0.012741587,1
154,-0.024507596,-0.017954502,1
155,0.024465282,0.027990855,3
156,0.028590385,0.013364380,3
157,0.126628986,-0.037606280,7
158,-0.039070978,-0.013419177,1
159,-0.065288490,0.010103664,2
160,0.084812801,0.033021548,6
161,0.001932311,-0.024361654,1
162,-0.005795009,-0.029183246,1
163,-0.023836712,-0.027468509,2
164,0.004420323,-0.022665733,4
165,-0.055089289,-0.007140167,2
166,-0.004534498,0.027991284,5
167,-0.051328998,-0.011551371,2
168,-0.094828352,-0.045902931,0
169,0.044916948,0.017435975,3
170,0.023301912,0.045899132,5
171,0.030039630,0.004973326,3
172,-0.019747453,0.008970475,1
173,0.017094492,-0.015086800,5
174,0.021249011,-0.008134637,3
175,-0.012734444,0.021651963,5
176,-0.059804380,-0.016331987,2
177,0.055024385,-0.080847661,7
178,-0.101489506,-0.043074035,0
179,0.100683234,-0.001110205,6
180,-0.032862918,-0.000467931,2
181,0.037350282,0.001301543,3
182,0.073191497,0.006605745,3
183,-0.010872273,-0.041069988,1
184,0.044846148,0.014912424,5
185,0.048895445,0.032131061,3
