key,name,doc,twitch,ash,thermite,blitz,buck,hibana,kapkan,pulse,castle,rook,bandit,smoke,frost,valkyrie,tachanka,glaz,fuze,sledge,montagne,mute,echo,thatcher,capitao,iq,blackbeard,jager,caveira,jackal,mira,lesion,ying,ela,dokkaebi,vigil,zofia,finka,lion,alibi,maestro,maverick,clash,nomad,kaid,mozzie,gridlock,warden,nakk,amaru,goyo,total
1,Benjamantle,19:02:36,49:29:29,87:29:00,59:58:03,78:15:16,36:16:10,19:14:36,28:09:04,59:55:41,24:22:44,106:34:23,66:19:33,30:13:27,42:02:53,52:57:40,9:51:12,25:26:08,13:11:06,64:38:30,83:07:25,2:39:53,16:10:35,12:36:28,17:24:22,85:51:08,193:49:28,123:43:04,0:00:00,36:55:18,17:13:48,38:30:41,14:00:12,40:19:25,15:08:34,44:25:25,18:30:54,1:45:24,5:23:26,19:43:32,19:44:18,11:12:24,8:30:42,2:20:43,14:13:31,30:13:27,2:39:53,2:25:05,2:51:01,0:02:37,0:45:32,1755:45:46
2,Vibe Auditor,28:04:55,45:19:33,57:55:25,79:01:10,42:42:53,26:58:30,45:50:41,26:24:17,19:21:36,31:01:13,40:28:51,84:32:47,12:51:51,24:09:15,41:46:54,17:56:41,16:05:03,23:19:29,24:50:11,39:27:59,3:29:43,17:22:12,40:54:50,23:51:37,46:00:17,19:04:31,96:48:02,0:00:00,35:33:46,25:09:30,39:09:50,6:06:37,36:26:00,14:25:02,21:37:04,10:02:20,21:31:04,16:21:23,14:41:22,20:17:52,21:45:03,13:48:47,17:42:29,21:50:25,12:51:51,3:29:43,3:51:55,4:26:16,2:49:45,5:56:50,1345:35:20
3,nxtsNKy,36:08:21,31:11:17,71:48:09,38:45:52,2:50:20,31:44:50,20:39:44,2:54:27,16:04:01,10:45:15,12:40:45,45:26:29,7:42:25,0:44:21,27:26:18,2:06:27,5:49:51,0:55:07,18:03:31,2:09:49,4:08:51,6:25:06,17:54:58,5:00:57,41:09:05,7:04:06,70:12:15,0:00:00,6:43:31,8:06:32,25:31:27,5:53:35,14:25:15,1:50:39,18:54:10,17:41:28,4:41:49,1:33:52,11:05:25,23:07:36,13:26:09,1:02:13,19:33:12,9:42:56,7:42:25,4:08:51,0:55:44,1:03:44,1:12:23,2:23:49,738:39:22
4,Szrius,64:46:48,135:29:00,199:09:31,36:07:42,5:05:24,31:40:25,27:25:06,3:19:47,30:07:29,12:23:26,12:15:39,129:38:27,8:36:46,1:11:16,34:00:10,1:41:09,3:20:35,1:34:55,56:09:45,1:43:33,3:07:51,9:25:17,45:38:35,11:24:01,33:29:04,27:36:19,204:04:10,0:00:00,6:35:45,14:54:05,19:24:46,11:41:35,50:38:07,3:51:22,57:00:48,12:35:05,4:02:18,8:22:29,5:08:43,9:21:38,15:10:10,1:16:29,11:36:57,7:21:28,8:36:46,3:07:51,0:21:12,1:12:54,0:21:00,1:28:33,1384:42:11
5,Hit Some Clips,35:06:54,64:59:00,101:37:18,53:50:01,6:12:29,35:29:38,44:29:55,17:13:37,42:16:39,19:19:41,27:43:55,88:23:35,11:21:31,24:02:57,54:28:33,8:47:15,16:18:37,25:20:10,66:48:49,15:12:55,2:10:21,22:59:36,32:19:02,27:54:01,34:06:54,47:48:06,112:26:02,0:00:00,28:18:41,20:00:14,21:48:57,6:28:57,23:36:46,4:44:44,21:48:40,9:18:34,3:26:46,4:20:55,4:02:54,16:32:50,4:29:00,3:47:00,13:10:15,9:01:40,11:21:31,2:10:21,1:42:32,1:31:13,1:40:13,0:47:30,1252:57:44
6,Lord Hancok,21:30:50,48:19:08,21:27:58,23:38:13,3:32:24,17:57:20,39:05:42,13:33:01,2:26:13,21:07:28,6:28:35,24:32:42,16:34:07,5:58:57,42:20:04,0:35:29,6:06:23,4:56:49,41:49:06,2:26:29,5:25:37,7:53:19,10:43:58,10:42:58,36:06:16,6:54:35,61:46:52,0:00:00,9:25:45,9:24:51,13:53:38,4:05:27,9:30:52,15:27:53,9:29:51,19:20:39,12:49:28,8:01:51,2:58:36,7:58:05,9:35:23,1:21:13,15:20:36,17:29:30,16:34:07,5:25:37,0:32:10,3:51:11,0:04:51,0:16:44,696:58:51
7,Fibaaaaaaaa,13:08:16,16:08:30,40:15:28,12:32:18,2:48:44,11:20:10,5:51:23,0:55:56,6:59:39,5:09:16,3:05:15,32:07:48,9:08:02,0:40:20,8:19:25,0:28:13,1:05:37,0:39:48,16:41:01,1:24:16,0:22:25,1:39:18,9:15:39,4:06:44,21:32:18,6:07:06,42:36:31,0:00:00,8:43:22,1:42:26,12:35:43,1:51:58,5:28:55,3:28:05,16:01:36,8:01:05,0:10:58,2:11:32,2:06:12,3:14:36,0:49:34,0:10:30,3:26:08,0:35:14,9:08:02,0:22:25,0:19:36,0:10:50,0:18:47,0:46:48,356:13:48
8,Glixcy on IG,35:10:32,133:32:02,237:06:13,20:36:10,15:42:27,44:00:19,73:21:28,8:06:03,71:42:02,6:11:58,11:28:49,130:36:45,14:20:49,14:05:33,33:29:44,2:19:35,8:15:39,5:23:28,37:27:04,13:10:14,1:57:52,5:45:23,17:36:22,22:13:23,42:16:39,19:01:57,249:52:39,0:00:00,24:21:58,13:01:10,28:48:37,9:59:17,86:02:01,14:01:22,69:35:20,65:52:47,7:59:09,15:58:00,9:46:44,4:28:36,7:48:49,0:56:39,9:37:33,2:28:36,14:20:49,1:57:52,2:53:54,0:13:58,0:58:33,2:11:28,1668:14:21
9,Tipsy Squidyyy,102:49:28,99:49:33,104:44:11,95:59:46,24:34:26,59:50:21,60:40:08,23:53:54,32:04:00,33:09:04,25:20:20,90:23:42,21:22:20,17:17:07,85:42:46,9:18:16,15:29:33,17:22:09,95:17:13,12:59:29,6:47:10,23:23:00,83:24:59,16:42:18,51:34:40,38:34:19,146:14:23,0:00:00,54:17:00,39:48:34,56:08:59,11:05:52,42:00:28,20:42:06,37:19:27,37:03:56,7:06:01,15:13:54,12:10:08,32:07:30,11:22:23,1:26:07,13:56:13,9:10:25,21:22:20,6:47:10,3:00:27,2:07:34,1:44:27,3:00:21,1833:49:57
10,Juhnova,33:24:13,53:18:40,154:48:43,37:53:42,6:36:21,28:39:03,48:59:43,6:34:22,11:45:45,15:32:29,12:34:51,111:20:35,13:38:31,3:57:29,27:04:43,1:18:53,3:44:59,3:06:59,49:36:23,7:10:19,2:28:34,6:52:00,24:43:21,12:33:57,35:47:16,11:24:53,134:55:23,0:00:00,8:24:44,14:37:01,35:32:27,9:09:19,42:59:30,3:49:08,31:21:21,43:42:59,3:38:04,9:19:45,4:08:49,11:40:45,6:32:00,1:56:41,7:20:54,6:06:53,13:38:31,2:28:34,0:56:52,1:00:55,1:58:37,1:56:11,1122:12:07
11,AltereD TN,34:49:00,108:06:12,266:26:20,46:29:24,8:36:14,32:00:41,58:34:06,16:24:11,7:17:21,24:29:37,9:37:38,47:12:02,9:10:19,19:28:49,80:20:59,1:00:40,14:39:29,9:05:15,47:09:49,11:34:54,10:12:05,35:02:09,22:12:48,13:21:37,28:40:44,54:37:00,326:53:06,0:00:00,16:34:27,44:08:11,43:34:27,5:08:34,87:21:14,7:30:13,37:19:31,50:44:33,2:51:14,12:54:21,6:07:16,33:17:57,19:47:40,0:02:31,26:42:49,0:00:00,9:10:19,10:12:05,0:06:58,0:26:06,2:15:11,6:30:32,1766:18:38
12,CraeIo,53:40:50,67:17:52,123:22:12,50:04:26,32:58:19,33:34:17,42:15:30,10:20:40,42:19:04,21:17:37,18:58:09,97:34:57,17:12:52,11:25:55,68:37:54,15:24:52,25:44:03,11:40:20,64:25:41,45:27:47,10:31:51,15:36:00,30:24:01,33:28:13,30:43:34,28:20:36,122:03:38,0:00:00,18:45:33,18:37:17,36:08:30,14:13:10,40:55:26,10:29:16,31:14:23,22:59:55,24:20:08,14:19:24,11:14:24,17:09:48,12:08:36,4:58:45,22:30:05,14:06:15,17:12:52,10:31:51,1:42:38,1:27:44,1:39:05,2:37:42,1474:13:57
13,hurley MyP,53:42:45,161:07:05,243:00:22,43:52:24,18:13:35,55:16:40,85:53:44,7:45:12,59:47:12,12:28:00,19:11:53,107:41:40,19:19:13,4:10:02,141:28:36,1:19:06,14:02:50,8:34:33,71:54:01,13:55:02,6:37:28,19:51:18,36:41:09,11:03:27,45:43:15,18:00:58,191:37:34,0:00:00,16:33:28,30:46:11,44:09:01,11:28:18,68:24:25,15:40:41,41:16:21,46:39:43,6:33:26,15:42:18,6:15:48,30:56:23,12:39:31,3:00:20,34:44:53,11:36:48,19:19:13,6:37:28,1:16:15,1:59:11,1:17:16,4:19:42,1903:35:44
14,Last zPhenom,53:50:11,116:24:25,154:56:26,73:38:40,11:12:18,73:42:50,86:09:05,34:46:31,69:02:29,51:41:05,63:50:01,66:24:24,29:55:15,63:21:33,55:22:15,7:14:19,38:46:12,23:16:28,94:28:59,9:13:06,3:02:41,55:36:42,60:02:27,32:12:51,55:26:47,79:43:31,137:40:48,0:00:00,51:04:41,62:01:34,45:30:20,23:23:02,52:19:29,21:25:38,42:34:44,40:46:03,6:38:26,7:54:40,22:41:33,23:01:05,16:14:07,2:12:20,13:42:13,12:42:42,29:55:15,3:02:41,2:04:17,5:31:39,0:47:13,5:45:26,2092:21:27
15,Gravzty,67:25:32,131:44:35,352:47:43,45:34:47,20:21:19,72:51:26,67:52:27,13:38:59,103:27:21,35:34:35,35:19:20,212:29:28,10:18:36,19:41:13,62:24:04,6:19:44,17:57:42,8:52:46,142:18:11,15:04:12,2:53:17,21:40:55,38:59:55,25:49:12,74:13:33,59:44:13,314:55:14,0:00:00,24:09:30,35:57:42,34:17:57,14:35:32,63:17:31,12:04:51,53:10:14,19:09:40,6:34:45,13:50:25,6:58:02,10:51:41,5:36:24,3:11:02,7:30:26,3:33:55,10:18:36,2:53:17,1:09:16,2:01:44,0:34:30,0:32:07,2312:39:26
16,Lunaar v,26:10:27,90:01:17,297:13:35,77:00:16,9:10:13,86:31:04,89:28:54,15:28:33,120:20:27,36:17:49,24:40:00,126:41:26,28:22:44,20:57:34,75:34:58,5:26:17,20:41:34,12:44:18,117:31:25,6:07:59,9:38:06,19:27:04,54:26:16,63:43:56,62:03:35,55:18:08,365:36:34,0:00:00,25:13:20,37:54:56,32:12:50,19:07:58,78:05:07,8:59:21,46:06:48,23:21:45,2:53:12,17:46:02,10:15:06,11:07:06,17:10:33,1:25:37,17:16:43,13:49:47,28:22:44,9:38:06,0:18:54,1:34:09,0:48:38,4:06:29,2324:19:40
17,my room is hot,100:25:45,248:22:27,181:01:49,45:57:47,82:31:28,91:03:24,89:35:48,120:32:37,108:58:28,10:53:03,31:37:49,251:13:52,19:54:43,42:45:26,118:12:50,4:38:45,15:40:57,42:13:36,129:55:44,40:42:24,4:52:01,19:27:43,36:49:13,42:15:25,50:18:24,80:35:01,251:49:42,0:00:00,46:15:19,60:01:09,61:42:22,21:49:36,110:17:00,60:38:38,61:52:00,64:13:27,88:14:40,47:36:55,18:20:43,25:14:25,26:15:07,8:39:32,30:52:54,26:36:54,19:54:43,4:52:01,2:04:26,2:18:55,3:30:14,3:44:21,3057:31:32
18,EnxeI sKills,68:18:58,138:19:17,658:47:18,138:55:04,17:13:54,96:50:50,126:15:58,34:42:31,314:41:36,64:58:24,35:50:57,318:23:53,21:35:43,48:51:35,146:35:24,1:28:18,58:58:18,11:07:51,265:06:01,20:55:42,4:34:57,17:23:57,71:57:20,113:50:49,66:59:35,135:16:40,661:14:59,0:00:00,35:11:11,35:55:42,92:20:31,8:39:56,85:16:25,14:15:25,112:01:13,51:55:55,6:20:04,16:59:38,13:23:34,11:56:20,12:51:49,0:43:47,34:12:42,7:00:58,21:35:43,4:34:57,0:30:42,1:51:49,0:48:26,0:48:59,4228:31:35
19,M4KO,37:27:07,67:37:27,177:32:57,69:08:10,20:54:50,56:56:24,70:03:08,16:23:56,41:21:35,31:23:01,22:16:19,110:44:37,23:20:49,29:17:19,76:16:29,3:21:17,24:30:10,16:56:08,56:09:48,14:32:04,4:15:08,23:43:00,38:27:50,30:25:46,57:33:08,34:28:14,142:38:46,0:00:00,18:02:57,39:01:50,44:20:50,24:01:28,59:53:39,23:49:32,55:18:04,41:05:50,6:27:28,12:42:08,9:33:00,26:53:37,10:24:07,3:06:22,14:50:56,7:14:51,23:20:49,4:15:08,1:33:06,2:28:30,1:32:09,2:14:34,1729:56:22
20,Kuzi WRLD,79:08:20,201:20:50,81:00:51,134:50:56,9:22:48,6:26:37,86:02:05,3:01:18,20:44:15,5:16:08,63:51:09,97:35:19,12:36:04,11:13:56,11:33:17,1:15:12,4:00:54,1:01:02,24:25:05,5:35:28,1:36:12,19:13:00,89:05:39,6:31:37,50:08:47,23:41:37,192:26:24,0:00:00,24:23:01,40:22:19,81:52:36,11:54:56,54:45:42,2:57:19,50:46:50,33:48:40,7:45:26,6:30:01,4:14:48,20:54:02,8:06:16,5:46:51,13:34:10,9:32:36,12:36:04,1:36:12,0:14:52,0:30:08,0:14:32,0:12:50,1635:45:01
21,serpa,40:02:24,83:00:54,206:52:47,56:46:40,24:01:46,56:23:29,75:27:36,10:11:45,61:17:59,20:22:11,14:44:54,134:30:57,20:07:21,14:51:38,59:27:36,3:15:37,14:38:56,6:34:30,66:30:55,9:18:04,3:12:47,19:14:10,36:49:10,17:26:34,34:27:40,40:14:13,178:30:27,0:00:00,30:52:20,40:07:38,47:36:11,10:30:53,66:50:29,19:00:59,69:36:43,39:51:45,6:40:37,14:47:31,7:19:27,11:26:53,19:01:59,1:04:52,19:25:24,7:58:12,20:07:21,3:12:47,1:11:06,1:34:39,1:25:54,2:33:34,1750:40:14
22,King Tuhan,40:20:25,103:15:06,181:22:16,78:38:24,9:01:14,28:55:57,91:55:23,6:21:31,42:42:07,22:17:59,18:37:40,87:37:38,12:30:01,12:40:39,72:08:40,1:17:26,4:18:21,6:18:37,24:10:01,2:42:57,1:15:47,24:08:26,32:33:04,12:30:49,39:08:56,39:32:32,189:39:22,0:00:00,22:02:23,39:24:32,51:28:06,8:47:19,72:30:02,4:07:03,19:07:49,18:56:28,6:30:47,15:01:45,4:30:21,17:39:52,9:45:01,0:52:33,16:43:49,5:29:11,12:30:01,1:15:47,0:26:36,0:42:54,1:49:49,1:15:20,1516:58:46
23,Zxners,20:54:23,54:07:16,75:32:15,27:55:49,11:18:10,105:35:57,12:26:10,12:39:44,18:30:33,8:27:59,69:47:47,57:35:03,32:17:09,11:22:42,31:31:33,6:28:45,24:04:02,8:17:18,65:59:35,30:59:29,3:59:33,9:29:06,11:27:37,4:35:40,42:51:10,1:13:09,143:17:10,0:00:00,15:20:58,11:20:36,23:23:17,12:07:57,47:00:03,1:24:54,48:33:11,41:16:21,45:21:35,0:49:52,12:01:14,33:41:40,13:15:03,1:09:22,25:47:54,16:07:07,32:17:09,0:00:00,0:42:38,3:43:15,30:53:50,0:11:15,1319:14:15
24,Csear,70:33:36,94:46:50,93:36:42,29:26:11,7:16:14,23:53:14,39:27:10,13:18:32,53:38:13,3:15:31,4:50:01,78:14:29,11:09:33,11:57:25,25:06:13,5:27:00,19:56:16,8:24:32,56:59:44,17:47:14,0:09:46,4:32:25,9:49:38,26:59:34,21:26:08,35:06:28,123:49:09,0:00:00,6:25:37,8:37:56,19:46:42,4:16:26,16:04:46,1:10:44,18:57:38,13:05:56,4:41:07,1:09:12,1:04:28,4:49:39,7:55:10,2:21:44,15:19:20,4:36:04,11:09:33,0:09:46,0:24:54,0:47:34,0:48:26,2:24:03,1037:04:33
25,KinkyPears,14:07:05,23:40:57,56:07:30,14:41:36,6:31:48,21:28:28,30:00:45,1:16:00,7:47:54,5:04:29,8:36:18,38:34:32,7:18:00,0:36:54,21:18:16,0:41:35,2:00:53,0:47:52,26:28:25,12:33:00,1:33:26,4:37:09,7:57:54,3:12:07,14:40:17,5:50:18,69:39:25,0:00:00,1:49:02,11:15:11,12:12:59,1:13:56,12:46:11,0:41:20,24:31:09,14:54:23,0:38:24,0:59:53,0:33:59,6:19:06,2:48:27,1:34:11,5:01:54,1:19:17,7:18:00,1:33:26,0:16:10,1:23:01,3:03:51,1:53:45,521:20:28
26,Kvrupt,8:59:28,17:09:03,28:53:48,4:12:29,0:24:38,2:36:23,6:00:52,0:18:45,8:28:37,0:47:15,1:23:44,10:18:41,1:38:49,0:08:26,6:32:15,0:00:00,1:30:45,0:17:38,8:08:44,0:00:09,10:12:05,2:25:49,3:01:31,4:27:20,20:26:50,5:45:13,39:26:28,0:00:00,2:54:15,2:28:26,5:09:37,0:39:48,4:49:57,0:20:47,28:47:01,21:41:17,0:18:48,1:32:59,0:06:30,2:37:21,1:38:49,0:02:38,3:12:12,2:11:45,3:04:49,2:15:30,0:00:00,0:00:00,0:00:00,0:00:00,277:28:14
27,Submiter,20:52:55,88:58:25,84:39:29,28:38:03,8:40:15,54:47:14,48:39:07,6:38:46,34:06:36,3:45:10,12:15:36,91:25:26,13:52:09,12:37:36,34:15:30,2:25:06,13:45:43,10:21:40,61:23:18,8:58:23,3:12:38,15:08:23,18:08:40,24:06:33,50:22:15,13:14:12,72:08:07,0:00:00,28:40:25,32:15:14,11:58:58,8:12:32,34:21:19,12:01:11,18:37:20,14:40:27,1:59:09,1:48:25,2:28:58,5:02:12,7:49:52,2:58:23,8:47:07,6:01:29,13:52:09,3:12:38,0:24:16,2:00:52,4:39:10,2:16:23,1061:35:44
28,Nvmh,50:14:01,53:58:16,74:46:29,39:57:46,10:37:42,32:33:59,27:03:25,7:54:27,23:20:37,15:34:01,5:59:21,63:24:15,20:52:07,6:54:02,41:28:36,1:10:38,4:27:01,2:23:17,59:36:32,13:35:28,3:08:50,17:12:28,38:01:52,7:00:17,24:19:11,34:13:48,98:42:50,0:00:00,13:42:33,26:38:04,42:39:27,3:46:47,17:51:51,4:50:24,37:15:58,30:48:31,20:20:24,11:56:39,3:56:14,14:25:42,14:36:02,3:17:30,13:55:35,7:50:42,20:52:07,3:08:50,0:32:24,0:31:35,1:34:46,0:18:34,1073:21:55
29,Skapr,46:17:24,110:07:06,158:16:16,115:34:39,27:20:46,55:46:40,67:27:22,23:26:39,96:58:47,32:31:48,24:01:59,94:48:14,10:08:38,25:47:31,50:28:55,4:38:37,29:35:31,27:15:29,71:24:15,27:05:58,2:39:13,15:27:25,29:19:27,15:53:46,35:20:13,73:52:41,166:31:03,0:00:00,20:20:06,66:40:11,55:18:00,14:32:45,55:38:12,5:26:19,47:46:01,34:10:53,8:35:12,10:57:51,3:43:41,16:57:56,7:05:18,1:55:25,13:15:51,4:45:16,10:08:38,2:39:13,3:23:56,1:00:47,0:36:39,2:42:08,1825:46:40
30,Chixtt,28:25:57,52:55:26,67:13:11,31:02:20,1:49:07,19:08:45,27:50:00,15:42:46,17:04:48,15:26:55,2:49:33,54:52:37,18:49:54,1:53:40,56:44:41,1:45:31,1:25:11,3:40:14,30:52:50,17:16:43,11:01:45,6:56:18,37:34:02,10:00:17,35:44:47,37:44:29,84:50:44,0:00:00,24:51:29,25:11:03,58:31:38,4:56:22,11:05:20,4:42:58,19:12:17,13:52:59,14:52:01,16:24:23,5:41:33,21:18:03,6:18:53,5:46:28,24:00:28,11:58:54,18:49:54,11:01:45,0:37:11,0:02:01,0:17:46,1:22:36,991:38:33
31,Ashbrxk,58:30:11,86:12:07,110:42:06,49:47:34,16:40:47,54:08:00,95:01:26,8:58:53,21:49:28,18:27:33,8:39:00,109:11:35,32:33:20,20:48:20,75:34:16,2:41:57,8:05:42,4:20:42,65:27:47,12:53:23,2:25:24,29:42:11,57:13:36,8:25:56,41:36:34,82:19:14,168:50:15,0:00:00,49:47:48,51:11:17,100:28:11,18:30:34,49:23:11,12:06:13,58:22:03,52:10:27,10:30:03,22:17:21,12:15:46,24:35:03,24:26:31,4:29:15,36:41:06,7:48:22,32:33:20,2:25:24,1:07:56,1:44:05,2:03:02,3:59:57,1830:04:12
32,Tratrr,23:51:00,21:38:53,81:26:32,20:25:50,1:55:07,28:53:01,17:52:35,4:02:37,20:40:34,3:12:05,2:34:48,48:19:51,21:41:33,1:55:23,20:38:42,0:56:13,1:13:27,0:39:24,28:49:32,4:15:23,2:31:57,0:37:06,10:25:49,3:00:14,14:58:33,34:57:07,84:15:29,0:00:00,8:01:48,2:51:01,14:25:40,0:48:04,9:58:49,0:56:57,37:36:38,18:07:23,1:57:14,1:24:39,2:16:38,4:43:17,4:45:51,1:19:39,9:51:10,3:11:40,21:41:33,2:31:57,1:22:04,1:22:51,0:29:25,0:18:17,655:51:20
33,C4LL 0F D00M,37:37:15,124:10:37,134:47:36,67:19:41,30:23:31,27:48:53,70:32:17,9:17:11,19:08:51,18:14:13,62:10:44,96:36:55,26:57:15,32:39:07,40:23:10,7:17:25,19:58:18,12:59:46,28:25:18,10:02:02,6:25:22,42:40:46,73:58:25,25:12:50,34:44:26,46:34:36,289:44:51,0:00:00,47:08:41,30:20:44,103:25:43,17:34:57,114:13:49,21:17:45,71:17:50,59:04:47,87:13:46,61:34:23,12:35:04,30:33:56,23:02:55,2:46:41,14:52:33,12:34:37,26:57:15,6:25:22,1:04:14,1:32:49,0:50:38,2:08:11,2144:48:01
34,Azxuz,27:29:03,68:16:54,100:19:38,2:24:17,0:42:36,8:07:05,32:50:30,2:04:37,9:27:04,1:47:59,6:06:10,31:08:06,2:13:58,12:18:34,37:02:17,1:02:59,0:54:16,1:04:58,5:35:10,0:44:16,3:39:02,2:07:07,3:11:18,2:31:54,72:27:35,1:46:34,87:57:45,0:00:00,2:57:07,13:30:25,13:24:18,10:39:18,33:35:25,1:46:11,28:42:04,23:57:03,13:13:09,0:19:26,20:14:28,2:06:06,0:31:26,1:02:00,5:07:44,1:55:19,2:13:58,3:39:02,0:39:08,0:36:52,1:29:06,0:05:45,707:07:02
35,Zeroxsy,56:58:37,118:42:57,188:22:52,61:50:18,17:15:58,65:54:29,88:15:23,9:33:01,81:04:17,21:05:35,17:09:41,126:47:38,20:06:51,23:54:18,67:55:33,3:00:48,13:23:33,18:05:02,100:21:25,19:49:26,3:31:34,20:05:12,25:47:13,27:56:40,42:16:01,52:56:24,135:32:54,0:00:00,10:10:35,31:59:58,34:35:16,12:09:26,56:30:13,23:30:30,44:09:58,27:15:37,8:32:58,13:44:44,8:55:11,19:29:39,8:52:55,2:50:46,10:48:47,10:01:14,20:06:51,3:31:34,1:17:19,1:59:49,1:05:34,1:41:08,1781:03:42
36,Beaelo,68:09:45,58:15:21,87:02:06,69:28:18,12:33:30,37:24:15,52:19:05,12:51:56,29:31:56,17:22:12,21:56:03,80:48:53,12:41:30,17:00:43,50:19:16,5:18:02,6:16:55,12:02:30,28:44:24,13:02:49,4:43:47,13:55:42,37:17:18,7:10:06,43:17:05,126:48:02,83:23:47,0:00:00,20:46:07,33:13:27,41:05:30,13:09:46,88:07:15,7:34:35,33:29:44,25:31:30,27:01:33,8:48:55,6:42:19,35:19:35,5:55:40,2:48:55,12:52:10,12:35:22,12:41:30,4:43:47,1:54:35,2:01:24,3:32:06,2:08:52,1411:49:53
37,KobyGN,17:27:12,80:50:38,175:00:45,28:54:01,7:51:17,32:59:12,34:32:35,7:33:05,20:33:03,4:39:41,9:00:35,96:11:58,18:38:00,4:34:46,22:04:04,1:59:18,5:25:08,7:09:57,38:38:37,4:23:11,3:10:52,1:49:50,14:45:15,10:17:44,37:07:25,15:47:24,199:38:59,0:00:00,25:12:41,5:00:22,50:18:57,5:06:18,19:43:28,3:16:06,55:37:30,29:13:42,7:39:22,0:03:59,11:49:49,15:58:50,10:18:33,0:00:00,19:41:35,3:18:02,18:38:00,3:10:52,1:30:18,1:58:58,1:08:00,0:34:51,1190:24:45
38,Series Exe,44:23:45,50:25:41,72:18:32,113:26:42,22:51:46,39:31:28,54:36:28,52:36:21,31:26:20,23:28:56,28:01:51,55:00:28,17:17:35,21:37:00,39:57:52,2:44:03,13:38:29,14:49:26,28:56:31,10:19:16,3:00:11,40:22:58,70:58:15,9:54:46,31:07:42,31:21:34,94:17:32,0:00:00,33:24:03,28:31:52,53:32:58,12:28:27,48:49:35,19:06:35,20:42:26,13:37:35,13:34:05,16:32:29,2:39:27,16:43:28,19:34:22,3:45:12,42:11:13,7:33:53,17:17:35,3:00:11,1:10:29,0:56:49,2:24:08,3:11:20,1399:19:40
39,Timmy SZN,7:51:38,22:57:23,27:41:40,10:40:46,1:14:52,7:42:36,3:26:06,2:09:09,5:38:45,6:16:53,4:17:39,18:09:36,0:16:54,0:12:24,8:48:51,0:14:42,0:47:17,1:08:28,8:59:47,1:03:47,0:51:15,1:27:01,4:09:34,1:13:56,6:31:07,0:05:20,23:42:41,0:00:00,4:49:54,6:04:18,8:27:18,3:08:00,10:29:44,2:16:32,13:24:53,11:23:20,1:03:48,0:29:05,0:29:55,1:06:19,3:35:44,0:02:28,2:40:29,1:46:39,4:14:30,0:32:39,0:33:39,0:26:57,0:28:44,0:38:30,255:53:32
40,HennyCentir,29:29:04,39:31:37,52:58:31,58:05:24,6:25:50,30:16:53,43:16:06,4:09:34,17:16:43,14:48:33,3:51:45,58:55:24,17:05:07,5:41:57,35:31:52,1:02:28,2:58:24,2:09:55,39:39:57,10:28:22,6:45:13,15:23:01,41:38:06,9:39:38,19:51:59,12:28:32,89:38:53,0:00:00,12:41:34,22:27:13,49:03:33,8:28:36,22:32:56,6:31:18,22:15:30,26:03:10,8:03:06,9:43:10,5:36:44,18:23:00,20:13:28,1:36:39,19:20:37,7:09:59,17:05:07,6:45:13,2:14:22,2:11:39,0:48:40,1:18:03,959:42:25
41,ZzZooti,10:47:43,64:43:32,32:03:22,20:01:00,68:10:39,7:36:25,3:56:57,43:05:41,29:25:40,5:35:44,5:37:07,11:30:03,18:25:32,93:55:05,8:47:44,1:07:41,3:11:21,35:29:38,103:43:13,5:12:54,29:16:20,2:38:23,45:05:58,27:59:53,10:16:38,11:22:39,90:29:45,0:00:00,21:11:52,3:08:18,155:35:35,6:26:07,24:26:05,0:01:23,38:25:42,0:36:08,119:06:44,9:00:15,0:55:52,12:07:26,3:32:50,3:43:34,31:31:03,2:45:37,18:25:32,29:16:20,0:04:24,1:24:33,3:42:44,0:02:50,1275:07:31
42,Massxcre,6:14:22,20:15:11,278:31:48,11:47:46,1:21:44,8:29:53,18:52:56,1:35:41,62:49:48,25:47:07,2:19:52,41:18:06,0:26:22,0:45:52,68:40:31,0:25:02,18:57:20,1:47:56,33:50:24,2:06:45,0:09:23,2:49:22,11:28:40,33:04:06,11:20:16,3:00:52,193:26:00,0:00:00,1:01:38,14:17:35,6:26:21,3:35:51,52:49:51,0:06:53,6:07:57,23:01:22,0:05:16,1:55:10,0:38:30,0:10:43,5:40:25,0:10:13,2:14:02,0:09:23,0:12:49,0:00:00,0:00:00,0:00:00,0:11:49,0:00:00,980:38:53
43,Guerrilla Ro,124:30:47,61:01:45,153:36:15,185:26:44,4:26:28,83:46:04,83:03:23,43:17:12,304:34:32,35:53:16,180:36:08,94:34:54,86:27:03,22:24:29,140:30:48,4:27:41,0:39:00,12:08:01,215:35:21,3:20:05,18:22:24,82:47:37,577:49:56,58:19:50,20:30:01,12:05:35,296:12:59,0:00:00,15:02:32,21:08:47,153:16:58,6:11:30,28:55:27,0:50:56,9:42:12,46:17:16,21:47:03,46:21:58,8:15:18,45:23:44,29:12:35,0:00:00,23:10:03,19:50:30,86:27:03,18:22:24,4:37:15,4:34:39,0:51:36,2:39:43,3499:27:47
44,Crysix Yz,44:17:53,91:17:30,152:14:54,61:23:01,12:30:56,39:54:20,52:48:55,26:15:46,93:20:33,21:15:07,29:38:17,93:43:15,0:04:10,11:44:41,43:16:20,1:40:46,18:28:19,13:41:57,84:19:10,4:53:17,2:34:36,12:16:56,33:42:27,22:13:51,45:34:18,39:04:12,168:44:51,0:00:00,13:49:39,15:44:06,40:37:23,7:09:20,32:33:54,12:51:40,26:17:05,36:13:12,3:27:28,11:20:42,2:45:26,9:21:27,7:42:30,0:41:45,10:38:17,4:07:04,6:23:32,0:00:00,0:00:00,0:00:00,0:00:00,0:00:00,1462:44:48
45,Jesus iRoX,21:26:38,14:01:54,42:55:30,9:19:47,3:23:03,20:42:53,7:42:01,0:26:52,24:29:58,1:00:19,2:51:43,23:09:40,0:00:41,0:44:53,4:22:26,0:11:27,0:39:44,1:24:35,11:12:44,2:06:49,0:29:58,2:27:35,2:41:57,4:14:35,10:10:08,2:15:52,26:48:10,0:00:00,4:07:17,2:33:30,3:40:08,2:37:11,17:11:34,1:01:15,13:12:38,2:46:44,0:06:51,1:38:21,1:16:42,0:42:52,0:01:01,1:29:53,0:09:31,0:29:58,1:52:15,0:00:00,0:04:00,2:25:10,0:00:00,0:00:00,298:48:43
46,SHAWKWAVE,54:43:06,187:02:15,238:45:01,84:08:05,4:24:27,59:09:17,73:46:34,22:13:45,25:15:55,32:18:50,31:22:32,149:15:01,32:14:39,21:58:17,112:39:29,3:07:19,12:14:03,5:29:29,49:13:11,7:31:59,7:18:23,12:06:10,56:59:27,38:56:50,55:50:27,33:24:42,274:59:55,0:00:00,13:57:15,10:51:34,90:36:51,3:49:16,30:35:01,4:45:58,37:35:15,43:01:54,4:23:30,19:36:35,1:54:02,5:13:29,9:29:20,0:00:00,28:35:27,6:04:42,32:14:39,7:18:23,0:12:07,0:05:46,0:06:30,0:00:00,2036:56:42
47,iExplicittz,14:41:03,15:21:22,34:45:48,17:33:34,6:22:17,13:49:45,58:26:45,5:51:16,22:54:20,11:15:23,9:06:14,38:33:32,3:37:59,15:10:23,15:03:15,2:21:47,11:08:46,4:23:08,17:40:45,6:37:21,1:23:42,5:20:34,9:18:14,7:44:30,9:21:50,10:37:01,29:19:09,0:00:00,8:30:01,11:09:22,10:01:21,4:21:11,5:18:33,2:30:44,6:31:00,8:16:10,8:06:04,2:09:34,1:30:33,4:37:12,4:14:46,0:50:55,1:30:13,6:28:24,3:37:59,1:23:42,0:15:25,1:09:16,0:29:31,0:17:56,491:09:35
48,holtziN,26:02:30,104:42:10,94:08:27,22:47:43,1:21:16,9:10:08,19:24:41,2:39:57,21:31:45,3:04:35,16:11:57,33:55:56,2:46:37,3:11:50,36:28:00,1:10:13,2:32:42,3:02:27,29:50:45,1:36:57,1:31:17,8:01:30,7:56:17,16:48:32,9:08:24,3:01:19,80:56:50,0:00:00,3:56:00,12:25:01,15:21:06,3:02:23,28:23:52,1:40:54,23:35:51,6:44:06,0:02:16,2:19:23,0:14:05,11:38:39,1:45:11,0:09:37,2:46:59,1:15:57,2:46:37,1:31:17,0:00:00,0:07:08,0:00:00,0:06:10,682:57:17
49,Decuf,73:59:36,91:59:13,211:07:13,47:51:03,15:27:52,57:56:53,49:24:34,7:39:49,40:54:29,17:19:06,20:02:49,113:51:10,17:54:04,14:28:04,67:49:15,2:35:18,4:47:39,8:02:11,79:17:07,6:09:06,6:08:35,16:34:11,53:09:18,27:58:41,76:00:40,32:28:13,286:02:53,0:00:00,41:04:34,15:36:00,52:57:56,10:32:20,82:08:26,9:13:21,66:39:15,39:12:19,26:02:52,16:29:40,5:16:13,20:11:32,20:44:35,3:08:53,34:51:05,4:33:33,17:54:04,6:08:35,1:00:05,2:01:40,4:14:29,1:18:53,1928:19:22
50,Ducoma,25:28:58,36:43:13,109:22:26,12:09:37,1:35:08,29:19:13,18:33:04,0:59:52,15:58:56,8:24:02,1:37:29,141:17:19,13:08:03,1:52:21,18:31:19,1:01:29,1:59:43,0:47:45,22:59:12,3:44:20,2:03:30,9:12:47,16:42:24,5:47:14,21:24:30,72:27:11,78:52:26,0:00:00,1:35:55,12:34:41,5:04:07,1:10:58,11:10:20,1:42:02,23:47:25,19:37:56,2:34:00,8:23:23,3:57:05,11:48:30,5:11:21,1:12:59,3:49:59,3:23:59,13:08:03,2:03:30,0:35:44,2:01:57,0:59:38,0:26:10,808:23:13
51,Zayn Royal,40:22:55,99:26:43,332:50:39,65:18:09,6:49:24,53:58:42,72:27:38,7:55:36,106:51:37,20:20:28,15:40:56,152:03:57,13:26:44,20:45:10,88:28:47,1:45:36,9:11:01,8:59:07,79:35:29,5:39:16,1:48:33,12:39:59,29:28:24,33:44:15,47:34:11,29:34:24,243:47:44,0:00:00,12:13:52,20:22:59,60:01:20,14:02:33,51:06:31,16:56:36,62:22:13,25:16:13,2:05:41,20:14:15,8:48:36,7:15:47,16:17:39,0:09:21,7:13:37,4:15:40,13:26:44,1:48:33,0:24:32,2:42:47,3:28:37,0:45:49,1951:55:19
52,lncede,24:20:13,90:18:04,150:56:55,19:24:21,12:39:43,32:28:04,45:17:11,35:32:54,103:58:42,6:06:03,32:48:03,42:56:53,13:57:05,23:59:37,70:03:40,2:23:55,10:44:39,21:07:58,39:12:16,4:04:23,2:33:45,18:43:43,54:23:55,35:39:38,96:36:25,19:20:57,178:55:10,0:00:00,71:09:51,16:10:47,68:40:06,10:43:25,96:43:58,15:16:50,99:09:45,95:56:14,29:28:56,28:15:26,7:22:44,14:43:14,30:17:09,1:24:27,21:45:10,11:24:33,13:57:05,2:33:45,0:26:21,1:49:03,0:41:32,2:00:11,1828:34:44
53,volpz FrW,62:30:49,120:58:36,204:39:23,51:58:10,19:18:35,31:41:19,60:51:03,5:29:37,41:25:10,8:40:56,21:18:15,67:38:26,10:22:27,8:32:41,104:02:00,2:01:04,10:30:32,4:18:21,55:57:03,4:32:23,5:31:29,19:54:42,21:43:46,23:04:14,43:31:18,25:55:15,178:41:11,0:00:00,15:44:30,41:40:13,28:01:24,15:26:15,55:20:49,9:30:11,37:15:36,46:58:53,4:54:05,13:10:48,7:58:10,29:37:48,11:22:14,0:55:04,16:17:12,7:36:52,10:22:27,5:31:29,0:04:27,0:00:00,0:31:34,3:32:39,1577:01:25
54,Xent nT,55:13:37,44:10:49,134:02:06,33:31:13,5:35:52,44:32:23,71:34:59,14:15:37,32:55:54,9:42:40,11:55:48,51:09:41,12:53:46,34:00:15,52:25:05,1:00:50,14:29:28,19:30:29,44:19:27,8:05:12,6:20:32,13:52:59,35:41:01,23:20:48,59:41:52,30:00:09,144:56:35,0:00:00,21:14:58,54:24:50,42:05:27,15:22:04,50:13:34,5:49:21,51:03:10,20:41:17,14:07:13,4:44:07,2:32:23,10:44:16,15:12:19,1:06:20,14:18:45,7:19:21,12:53:46,6:20:32,0:12:38,0:14:58,1:36:16,0:00:00,1361:36:42
55,Revolt Robbie,111:47:37,169:32:22,487:46:43,110:34:44,16:57:46,146:14:56,88:49:03,47:50:44,136:11:24,27:13:16,77:16:20,226:23:00,45:53:36,25:28:45,112:16:04,5:55:09,16:39:58,17:00:29,123:04:53,8:30:47,8:16:09,31:30:36,58:06:39,32:48:17,41:32:28,79:06:26,454:50:23,0:00:00,47:28:17,77:54:50,101:51:32,34:00:55,61:22:22,21:15:07,64:47:26,34:06:59,15:35:45,18:01:14,7:38:55,20:50:55,23:18:58,7:27:46,15:24:40,12:38:57,45:53:36,8:16:09,1:18:50,1:25:51,2:57:13,5:41:02,3336:55:53
56,Yuzana,28:32:39,27:09:19,55:33:55,16:46:18,0:26:01,26:35:21,25:23:20,5:30:41,9:01:51,15:23:56,16:22:17,28:54:17,11:37:09,1:40:16,10:01:57,0:27:35,2:40:34,3:37:38,15:53:25,0:43:04,10:13:17,17:58:41,25:12:53,4:07:19,21:27:00,3:19:06,62:05:07,0:00:00,13:52:06,9:30:36,25:15:19,11:41:35,20:23:13,4:05:07,25:42:59,29:52:59,18:48:06,16:18:36,16:37:00,5:05:55,9:07:57,0:25:55,6:23:01,13:13:33,11:37:09,10:13:17,1:25:04,2:31:24,1:10:20,2:14:14,702:20:21
57,LostGN,22:15:30,101:59:47,268:10:12,77:44:29,12:03:15,38:48:57,41:12:10,5:15:34,108:45:18,13:55:09,22:29:04,89:08:55,4:43:29,26:55:57,62:44:50,4:51:57,2:50:07,9:13:09,109:16:37,5:01:46,0:07:18,7:37:39,33:23:27,51:40:37,22:09:29,25:28:49,352:50:36,0:00:00,6:44:28,11:09:04,5:27:46,1:12:03,22:00:00,0:23:56,31:04:18,10:24:23,1:53:28,6:32:14,2:57:02,0:33:36,8:00:51,1:30:57,3:03:32,3:18:00,4:43:29,0:07:18,0:30:25,0:03:44,0:15:33,0:26:34,1643:06:48
58,Lcxjz m7,44:58:36,199:11:28,203:45:20,66:20:55,8:23:43,31:37:08,80:11:34,10:15:24,28:35:50,15:20:05,26:18:52,106:13:47,17:33:13,6:38:35,126:10:26,0:57:06,15:01:48,7:47:27,85:26:22,7:34:29,5:49:02,17:25:04,36:27:34,13:06:21,22:51:52,24:37:44,165:53:16,0:00:00,17:19:16,56:52:23,88:03:55,11:13:58,87:31:02,18:29:52,44:50:31,43:20:44,12:14:56,24:30:59,9:02:45,25:54:45,13:09:58,2:40:40,31:58:51,8:57:38,17:33:13,5:49:02,0:41:23,0:23:59,2:01:31,3:17:03,1900:31:25
59,Brzmso ZorEl,15:03:24,40:12:49,128:01:30,31:15:44,10:56:51,30:10:10,66:09:27,5:10:38,72:24:16,13:19:15,13:20:15,65:27:54,15:53:38,5:46:03,52:50:57,1:03:27,8:18:52,3:27:55,42:57:58,6:22:55,2:29:53,8:50:55,12:21:33,12:29:21,19:15:49,66:37:16,103:59:14,0:00:00,8:18:20,24:06:48,18:07:04,4:46:53,19:02:00,2:33:28,19:57:13,19:14:12,0:19:24,1:19:24,2:17:09,2:38:08,10:35:03,0:30:27,7:48:48,7:45:06,15:53:38,2:29:53,0:30:18,0:07:17,1:36:02,1:09:00,1025:23:34
60,Easilyy,45:18:10,85:08:17,88:29:52,90:25:26,6:42:53,59:42:00,50:30:59,8:27:57,63:10:47,27:38:31,14:00:53,92:15:38,4:49:25,13:49:31,40:11:58,1:36:06,10:44:45,11:30:10,83:37:57,12:25:10,2:28:21,20:42:53,43:39:08,11:56:22,27:41:30,35:03:10,131:04:18,0:00:00,21:19:53,49:18:32,43:25:27,13:29:58,75:32:19,12:48:52,53:14:01,21:58:35,7:39:49,16:05:28,3:19:59,29:00:08,21:47:39,3:29:07,10:33:54,7:51:20,4:49:25,2:28:21,1:32:20,0:57:06,0:59:48,1:57:57,1486:52:05
61,Chef P0tato,28:03:36,57:31:35,61:38:30,24:55:22,8:22:11,34:41:03,51:27:42,7:29:29,29:20:58,3:57:29,18:59:54,55:50:05,9:30:44,32:29:34,31:49:00,3:15:39,20:22:47,22:17:58,30:55:50,19:11:20,0:14:39,2:51:49,10:39:14,4:38:05,5:46:39,54:38:54,112:56:09,0:00:00,13:49:09,14:31:40,16:27:21,9:59:21,28:54:53,4:46:58,27:40:41,22:28:13,8:26:43,14:24:21,5:24:15,4:10:01,6:31:51,2:50:37,7:16:11,5:04:27,9:30:44,0:14:39,0:27:59,0:26:29,4:02:09,2:10:15,953:35:12
62,Rzayy VNL,64:53:49,132:06:16,249:19:25,67:35:19,20:47:37,113:56:21,126:02:32,14:49:21,162:51:23,22:21:53,28:23:41,181:52:53,26:12:41,21:06:31,73:38:56,7:31:54,12:55:23,8:40:35,153:44:24,23:13:54,7:07:59,22:33:17,42:45:59,29:43:58,69:26:33,45:45:10,212:35:06,0:00:00,25:52:18,69:27:35,50:45:48,14:06:40,109:14:07,12:51:25,62:38:30,42:41:12,5:19:48,17:56:14,11:26:54,25:15:20,18:48:36,5:56:34,13:33:51,13:25:55,26:12:41,7:07:59,1:06:17,1:48:54,1:43:16,6:06:03,2485:28:47
63,mViee,36:24:44,198:41:16,198:18:20,21:32:27,12:55:06,10:43:32,97:20:42,1:42:33,94:26:35,10:56:56,0:50:18,153:40:40,9:29:12,4:55:19,46:36:34,2:10:56,10:02:33,1:08:52,75:07:04,6:14:12,2:03:50,15:07:41,8:03:24,7:20:08,54:41:11,7:21:48,143:44:01,0:00:00,14:29:38,6:57:43,34:22:55,6:08:46,97:24:09,17:18:48,47:23:44,6:04:22,8:24:19,9:21:02,6:19:06,6:36:59,15:15:45,2:04:11,29:04:02,10:47:40,9:29:12,2:03:50,2:02:11,5:13:24,0:44:02,2:32:21,1571:48:03
64,NolsY eV,54:34:27,158:50:00,98:33:03,83:02:12,12:50:22,37:21:33,134:58:32,10:20:54,47:26:32,12:29:47,17:47:07,54:28:53,14:58:58,25:31:15,55:40:05,2:54:18,2:30:18,13:45:10,38:22:34,7:12:16,2:14:33,67:28:05,34:25:44,17:47:04,23:17:04,53:03:10,201:02:26,0:00:00,33:11:49,38:18:15,85:33:19,7:15:12,68:35:11,10:20:15,42:33:08,26:11:01,8:32:24,13:31:10,3:19:10,9:47:54,24:26:56,0:57:23,16:45:21,10:02:47,14:58:58,2:14:33,2:12:18,1:04:34,0:53:42,0:55:27,1704:37:09
65,I Glxzy I,45:14:50,53:26:31,22:18:31,10:58:57,1:07:52,10:31:55,17:14:52,2:39:08,10:09:41,7:33:25,3:00:29,24:49:20,26:39:36,3:57:11,11:25:23,0:27:59,1:34:47,1:32:23,21:05:44,2:30:09,3:20:53,13:05:04,13:08:27,4:33:48,25:26:36,13:16:58,58:28:01,0:00:00,16:07:19,5:49:58,9:32:48,9:18:47,12:22:46,1:23:57,17:48:59,21:40:18,6:00:23,1:53:58,1:25:35,9:45:07,10:53:54,0:15:43,19:25:05,7:50:37,26:39:36,3:20:53,0:32:25,1:27:01,0:23:33,0:11:15,593:48:27
66,Fabri Gn,22:27:05,78:53:43,252:53:43,34:39:46,10:54:20,50:00:34,78:56:10,10:54:50,119:29:26,17:28:57,17:54:34,81:45:33,6:28:48,16:34:17,71:06:56,5:31:34,12:49:30,8:32:17,87:12:41,21:26:38,2:00:45,21:51:14,19:06:13,25:44:45,33:19:20,23:12:50,188:02:45,0:00:00,28:59:41,18:50:01,30:44:12,7:13:32,73:30:07,7:34:12,37:08:28,20:04:15,2:55:56,5:02:02,3:00:51,14:04:34,9:11:31,1:29:52,18:44:18,1:33:29,6:28:48,2:00:45,0:22:41,0:24:13,0:49:40,1:31:16,1611:03:38
67,AlwaysAnAce,72:34:23,129:06:59,173:12:18,119:01:32,16:39:09,39:59:28,90:49:22,11:57:07,85:45:05,21:08:29,21:31:20,164:43:29,11:58:59,17:42:22,95:22:25,7:25:20,18:53:01,17:47:26,84:58:57,14:40:56,2:36:35,12:56:20,55:44:54,24:32:41,47:07:09,55:15:13,191:05:01,0:00:00,27:44:16,32:18:16,33:50:58,11:20:29,44:03:33,11:00:22,78:35:56,22:47:46,13:03:59,16:23:36,4:23:46,23:16:32,10:32:05,2:44:10,16:04:41,10:10:36,11:58:59,2:36:35,2:54:17,1:20:46,3:28:24,1:19:27,1986:35:29
68,rhoumbo,25:55:06,56:48:03,67:20:34,100:16:32,17:55:14,45:02:20,65:33:10,22:46:29,93:28:48,35:58:51,13:20:40,59:46:17,21:10:02,17:23:56,34:41:48,4:09:07,29:29:15,18:40:53,28:16:21,16:28:17,7:09:10,56:00:20,142:41:51,59:58:59,78:26:45,25:33:42,103:54:31,0:00:00,60:04:37,49:23:40,136:05:22,5:00:51,39:58:43,11:53:25,18:28:21,13:14:24,22:18:57,21:28:07,6:41:19,38:51:58,22:39:15,23:44:25,60:44:13,29:32:28,21:10:02,7:09:10,3:03:35,6:30:56,0:49:17,4:38:04,1851:48:10
69,i6uaa,76:54:15,65:16:02,251:33:02,23:02:34,8:03:00,49:34:22,98:40:25,2:29:49,97:48:28,15:35:30,16:07:52,98:53:35,9:24:51,3:37:54,27:25:08,1:53:21,8:53:38,11:54:34,36:08:16,1:59:17,4:05:11,26:03:43,29:13:52,8:52:56,24:38:58,76:04:03,154:46:12,0:00:00,24:00:11,9:25:02,23:42:37,17:50:19,93:30:59,7:13:29,119:53:34,16:09:47,3:35:25,21:41:27,6:15:30,3:42:50,19:26:31,0:31:12,7:05:13,17:08:43,9:24:51,4:05:11,5:48:36,1:58:12,1:14:38,1:16:24,1644:01:29
70,Warrior aQ,19:59:23,111:20:42,267:14:56,112:40:45,13:10:42,58:59:33,53:11:32,9:20:52,132:58:02,35:09:11,79:07:02,161:19:13,2:52:45,23:39:31,30:23:16,5:21:11,22:09:51,11:27:30,107:11:35,10:43:54,0:11:25,8:22:25,50:03:29,33:47:08,35:51:05,11:19:49,301:54:31,0:00:00,7:11:04,15:20:24,19:37:51,3:15:28,12:22:28,2:08:45,16:52:19,6:25:57,0:57:36,1:07:50,1:47:48,1:01:12,2:10:01,0:15:30,0:29:43,1:06:17,2:52:45,0:11:25,0:05:56,0:08:40,0:07:24,0:12:20,1805:40:01
71,Wmore,27:46:39,41:49:14,87:06:30,38:47:20,21:26:27,31:43:21,37:34:46,11:20:45,16:45:17,13:07:37,13:55:27,47:45:14,22:27:43,14:52:44,50:34:27,7:00:25,7:34:21,11:57:26,20:47:19,9:53:06,6:54:50,10:45:50,12:24:57,13:35:56,24:49:50,17:09:04,64:07:16,0:00:00,17:18:59,15:57:01,26:32:23,11:28:14,36:42:14,9:38:05,29:55:14,23:30:44,12:08:12,6:39:07,5:33:28,12:29:39,19:23:48,3:39:18,24:48:55,12:26:55,22:27:43,6:54:50,2:54:59,2:23:11,0:49:03,5:00:22,992:46:15
72,DemsGames101,28:44:03,85:05:38,158:50:56,83:27:43,7:30:02,91:06:58,88:21:02,14:44:35,80:03:03,24:17:38,32:52:39,95:59:42,11:45:08,11:55:24,99:29:28,4:48:20,40:18:22,13:55:54,75:24:18,10:22:43,0:52:38,14:43:05,50:18:49,27:45:41,31:59:57,69:58:02,219:05:10,0:00:00,19:36:24,38:26:23,24:16:59,10:34:17,49:28:35,5:23:26,24:26:45,23:27:58,1:42:09,2:30:38,2:31:48,21:32:51,8:27:11,0:31:38,4:33:07,5:35:53,11:45:08,0:52:38,0:00:00,0:39:03,0:19:04,0:00:00,1730:28:53
73,Werd,36:50:46,101:44:03,221:03:11,63:47:04,6:48:38,38:47:09,82:13:06,11:08:49,63:27:04,8:21:31,21:55:11,150:03:00,31:06:51,29:52:49,79:27:39,4:05:58,14:03:30,6:24:56,92:02:25,11:27:10,2:44:13,16:02:24,38:14:51,40:24:47,34:09:09,50:41:45,227:50:32,0:00:00,11:41:08,21:04:04,48:49:51,12:17:25,50:37:03,3:46:35,36:27:41,30:51:36,9:40:03,16:53:39,5:24:20,17:31:25,8:58:29,1:11:01,18:48:32,8:58:07,31:06:51,2:44:13,0:37:12,1:45:36,1:10:23,2:39:52,1827:53:37
74,Phyhx,42:57:26,65:52:26,79:12:13,52:25:55,12:41:45,42:32:17,47:43:15,11:51:43,17:18:19,22:38:49,28:10:44,70:57:26,11:43:54,13:20:27,38:48:22,3:11:23,14:35:04,7:54:05,34:34:15,12:46:18,5:00:34,21:20:15,36:44:53,18:16:42,26:42:22,26:30:23,70:25:36,0:00:00,26:47:09,40:10:20,34:23:26,12:47:40,37:03:12,8:56:39,26:52:05,30:10:13,11:40:41,8:22:01,5:59:07,11:00:18,6:43:19,3:29:29,7:44:40,13:13:31,11:43:54,5:00:34,1:16:10,1:28:03,1:17:17,1:25:11,1143:51:50
75,Kenbo DT,24:27:42,13:47:11,26:04:15,7:31:48,0:00:00,10:30:46,6:13:01,0:46:50,4:20:07,4:16:31,3:17:53,11:40:15,1:48:21,0:00:00,18:45:36,0:01:50,0:00:00,0:00:00,11:43:29,3:24:37,5:25:42,0:00:00,7:52:22,0:00:00,11:24:09,3:20:05,32:15:23,0:00:00,5:03:14,0:00:00,7:51:07,0:00:00,2:51:12,0:00:00,8:53:51,22:09:12,4:27:03,3:14:49,2:29:33,7:55:17,2:25:57,0:44:57,7:02:34,4:04:02,12:22:09,2:42:05,1:07:48,2:47:24,1:56:53,1:49:55,310:56:55
76,Vulixe,90:05:44,136:09:40,166:08:43,117:47:22,21:42:39,96:39:38,59:36:11,18:14:23,66:56:29,32:35:59,76:06:39,86:46:59,15:10:43,28:55:24,85:06:30,13:32:49,31:33:58,25:51:49,95:00:32,23:38:26,7:51:13,25:36:10,30:38:00,20:04:12,36:26:35,60:40:45,179:58:16,0:00:00,30:02:08,53:24:32,65:23:02,18:22:02,96:18:16,18:06:14,45:16:35,43:30:42,34:25:19,15:56:06,10:38:15,36:58:09,14:50:51,5:07:07,33:22:46,15:31:54,15:10:43,7:51:13,2:13:14,2:03:20,1:35:20,1:20:10,2216:23:46
77,vKunou,56:49:34,23:27:23,34:51:35,29:18:26,13:05:08,43:29:31,41:20:53,7:05:24,25:59:27,14:20:55,37:14:16,63:47:07,5:23:34,4:56:30,7:12:07,2:50:17,13:47:23,6:59:48,39:51:42,12:09:23,3:46:06,6:08:45,35:44:18,15:40:56,54:17:22,9:51:44,73:43:33,0:00:00,12:15:55,7:52:57,20:49:55,9:42:11,18:48:17,4:27:16,11:07:08,21:58:43,5:05:56,0:49:36,5:07:35,8:08:47,8:16:43,0:58:17,3:44:12,2:27:07,5:23:34,3:46:06,1:20:49,0:20:11,4:29:51,0:32:52,840:47:05
78,Uh Erry Day,37:33:55,68:38:01,48:31:17,40:32:03,2:50:17,20:18:28,28:40:03,12:22:17,29:51:22,6:29:54,9:14:28,47:19:32,2:17:07,7:48:34,26:23:07,0:00:00,0:46:02,2:05:57,28:38:43,2:54:53,3:32:01,9:55:27,22:00:58,6:18:13,15:21:55,60:34:59,124:10:28,0:00:00,22:44:51,34:51:22,34:56:27,1:17:18,22:03:51,2:42:57,26:25:37,18:53:18,15:49:49,22:27:53,3:11:29,12:05:45,7:17:52,5:06:52,16:55:31,5:33:35,22:04:32,6:49:32,0:39:46,2:17:09,4:04:35,2:06:14,955:36:16
79,righ,77:18:53,181:05:26,270:07:47,38:12:17,1:39:45,37:02:26,71:14:21,9:17:53,56:50:21,12:07:51,11:25:34,95:24:07,20:23:30,11:55:44,83:56:18,0:25:50,9:16:36,1:21:30,59:43:19,2:24:41,1:14:16,19:15:45,28:32:35,12:23:41,89:56:53,40:43:32,298:50:34,0:00:00,17:21:05,32:10:41,37:12:32,3:48:33,63:40:20,4:49:13,81:56:09,28:04:34,6:57:58,16:33:05,8:48:30,20:23:31,12:02:31,0:22:49,10:02:56,1:24:04,20:23:30,1:14:16,0:27:52,0:59:45,0:45:56,0:53:15,1912:34:30
80,akaEarnr,36:28:30,105:07:32,173:45:14,47:21:59,7:19:44,44:19:36,38:28:07,8:18:11,74:37:49,13:27:37,4:05:58,127:50:03,15:29:13,11:06:49,47:30:01,1:32:57,9:23:15,3:29:55,65:12:13,2:34:38,4:36:55,8:46:35,15:49:43,15:14:31,30:48:38,49:53:46,111:22:56,0:00:00,43:30:34,27:24:22,102:36:58,11:14:48,81:24:37,9:14:11,55:01:37,37:28:36,18:07:00,3:55:29,7:58:13,24:36:38,15:17:04,1:11:38,14:52:26,7:13:57,15:29:13,4:36:55,2:53:54,1:34:36,0:00:00,1:05:21,1560:50:32
81,Somxr,15:57:46,57:56:56,53:03:29,33:17:06,10:09:03,14:22:53,62:22:08,3:34:26,17:06:43,5:55:57,7:25:42,68:58:40,19:11:55,0:18:44,56:08:27,0:31:39,3:55:45,2:19:54,20:44:19,1:59:22,2:52:30,12:56:39,24:59:33,10:08:50,26:02:56,37:33:14,98:37:25,0:00:00,22:22:31,31:20:34,28:09:24,3:53:55,20:56:19,3:22:13,26:26:20,30:19:05,1:38:25,18:11:41,8:11:41,11:05:36,12:14:57,2:49:05,14:26:36,9:34:44,19:11:55,2:52:30,0:30:48,0:31:45,0:25:40,2:29:42,939:37:27
82,Rwlxz,57:50:27,82:07:27,266:32:12,68:01:55,13:51:44,51:45:09,79:12:05,30:11:48,68:28:19,15:10:40,12:34:43,114:28:56,13:42:23,16:26:30,83:46:24,3:38:39,9:49:34,10:32:59,71:58:40,6:35:08,6:55:05,24:05:33,41:50:24,42:26:47,40:05:41,40:36:08,257:04:45,0:00:00,30:24:41,30:18:04,46:14:57,13:47:45,61:26:10,13:41:18,53:04:18,36:26:14,11:43:50,13:14:33,8:39:16,11:01:28,16:15:46,2:21:27,21:35:00,14:39:44,13:42:23,6:55:05,5:51:40,5:48:16,0:44:10,3:27:36,1951:13:46
83,Rayyy530,67:45:44,72:57:25,330:06:46,57:46:36,11:33:07,41:27:34,86:20:12,14:37:06,50:32:15,18:14:25,31:50:32,84:23:48,16:06:52,7:03:42,65:37:07,2:48:35,13:42:36,19:58:53,38:01:10,7:52:17,7:09:37,17:54:32,52:56:49,47:57:48,65:33:35,58:29:23,354:58:39,0:00:00,33:11:45,24:12:59,42:15:32,15:32:45,87:21:22,12:53:22,50:59:07,56:00:02,7:42:03,15:20:22,15:35:15,17:12:23,14:07:31,5:45:53,19:37:57,11:55:08,16:06:52,7:09:37,2:59:07,5:56:09,1:16:07,4:58:14,2111:56:37
84,MythRemy,53:05:34,110:59:29,131:06:34,33:47:07,17:03:01,78:15:38,65:06:04,7:55:29,31:46:37,19:43:00,10:34:26,76:40:35,17:12:25,11:46:03,72:12:30,3:20:12,10:40:36,5:42:36,56:01:15,9:00:31,3:17:24,28:08:08,25:16:35,15:01:39,50:46:50,28:15:21,162:56:08,0:00:00,34:01:56,33:27:17,44:08:55,12:42:52,47:03:11,12:03:37,45:50:51,56:52:45,7:58:20,15:03:03,13:23:01,21:58:56,15:07:35,2:40:54,12:24:36,11:25:14,17:12:25,3:17:24,2:50:20,3:07:21,0:58:01,1:01:46,1550:22:07
85,Gugenheim VI,46:16:49,124:22:59,177:57:16,80:32:34,24:08:31,111:45:58,79:38:56,14:46:45,42:16:12,43:58:03,43:58:09,154:53:16,13:04:43,26:32:29,114:41:03,12:29:27,30:53:24,13:09:24,45:56:49,26:14:22,2:58:08,33:30:00,46:47:30,25:21:48,58:27:54,36:12:49,166:09:13,0:00:00,46:07:35,46:34:58,58:50:40,8:16:40,36:23:27,6:41:31,33:17:56,51:40:16,4:35:41,6:59:24,10:09:31,23:42:46,31:26:37,2:51:29,17:10:23,23:02:38,13:04:43,2:58:08,1:31:04,1:39:32,2:04:03,1:53:32,2028:07:05
86,Daarma,18:21:15,128:47:25,225:32:39,28:51:54,22:33:50,40:57:44,29:35:58,11:03:26,70:49:49,7:48:10,60:02:08,109:42:33,5:30:13,19:28:56,52:32:38,1:47:50,5:16:37,12:09:37,68:16:03,5:45:13,0:18:47,2:57:44,42:40:26,37:50:22,48:49:34,43:20:53,266:31:05,0:00:00,6:20:22,3:29:49,9:50:19,5:47:22,49:38:56,2:01:48,33:21:07,17:52:29,0:25:00,3:33:16,8:47:53,1:29:50,4:11:59,0:10:25,3:19:09,4:34:02,5:30:13,0:18:47,0:23:42,0:49:21,2:25:19,0:17:39,1532:01:36
87,YRazorr,29:26:44,71:53:58,68:14:01,52:11:05,14:49:42,17:51:54,38:59:50,8:11:50,20:13:12,9:23:25,4:14:07,57:02:59,15:23:46,9:40:05,54:57:30,0:56:44,1:43:47,3:11:36,20:16:34,18:04:40,2:12:39,14:18:30,38:49:15,5:12:32,40:08:46,7:49:27,135:01:11,0:00:00,32:35:27,18:42:34,92:13:14,10:48:08,24:09:06,3:34:00,35:24:27,29:53:28,21:52:41,13:56:11,4:19:40,18:44:03,31:20:33,4:23:35,34:16:06,8:14:13,15:23:46,2:12:39,0:37:20,0:52:26,0:56:35,0:11:28,1165:01:29
88,itzDaniel90,62:39:11,119:19:28,254:15:59,24:34:58,5:52:18,47:32:48,29:58:05,3:20:39,29:19:39,9:46:16,4:05:06,174:16:01,16:29:50,6:16:50,61:04:09,0:39:11,6:39:55,6:23:04,54:15:03,21:13:28,4:54:08,15:36:01,9:13:56,23:53:09,77:53:12,16:05:48,171:39:06,0:00:00,12:17:10,28:40:40,39:00:45,24:35:25,70:08:15,1:50:34,31:56:33,30:45:40,1:26:58,4:33:22,4:35:10,7:46:17,7:30:50,2:03:06,28:10:34,3:01:54,16:29:50,4:54:08,0:14:09,2:05:21,1:41:50,1:18:00,1582:23:49
89,Palkz,22:10:13,46:28:16,85:24:53,94:47:36,11:59:01,44:18:37,41:04:12,11:59:51,35:42:57,17:14:24,59:30:42,62:06:56,7:27:18,6:59:15,40:55:57,5:49:59,10:53:31,11:05:20,36:03:03,11:30:09,5:45:12,15:26:54,33:15:38,13:54:53,24:39:04,26:46:48,136:29:24,0:00:00,18:40:55,16:21:30,27:54:00,6:42:33,14:17:01,1:35:56,16:30:04,21:38:10,3:59:07,1:51:29,4:54:10,9:08:00,13:02:36,2:12:39,31:25:50,15:21:09,7:27:18,5:45:12,2:02:24,2:42:32,0:54:31,1:17:26,1145:34:35
90,Fwrkz,60:21:29,91:26:06,185:49:35,63:27:32,61:54:24,54:49:45,84:03:29,16:34:15,107:53:24,22:16:58,13:31:06,127:44:11,23:06:48,22:22:35,65:47:56,4:56:46,14:15:24,15:34:35,63:23:01,35:35:01,5:22:55,20:41:16,43:09:55,30:38:23,53:53:31,33:33:45,212:50:57,0:00:00,48:17:22,44:37:31,45:16:42,14:00:48,74:45:49,15:12:53,27:05:35,43:03:29,9:38:12,20:12:03,3:57:52,22:17:42,22:01:40,6:29:46,22:16:35,13:41:10,23:06:48,5:22:55,0:44:40,2:33:52,2:10:23,2:29:40,2004:28:29
91,Fear Jcoe,58:28:55,70:30:52,104:51:27,116:12:33,9:09:26,47:25:45,95:45:14,7:41:37,42:12:27,15:29:59,16:16:36,156:03:21,30:59:04,10:26:07,96:51:51,2:46:24,13:05:45,10:03:15,44:00:19,21:31:14,2:24:08,32:27:48,84:01:26,35:05:50,38:30:33,37:46:05,133:34:43,0:00:00,18:11:15,49:43:43,95:57:09,15:53:16,53:28:36,14:09:13,33:34:05,13:10:29,17:02:29,28:10:03,6:44:56,22:52:16,25:54:14,1:39:33,21:02:22,11:18:47,30:59:04,2:24:08,4:04:51,2:29:26,1:49:29,1:27:07,1805:49:15
92,Anifex,50:19:32,66:37:32,87:55:51,37:08:21,19:58:08,50:48:11,46:17:00,17:58:50,35:53:15,10:46:00,23:10:33,56:20:42,12:47:54,19:55:29,48:03:30,5:40:06,11:14:17,14:27:34,44:33:15,10:18:39,7:36:40,22:23:14,33:26:43,28:04:56,35:47:58,31:42:51,101:39:33,0:00:00,20:53:16,19:11:42,18:34:08,10:40:55,35:21:37,7:17:54,26:54:01,26:00:37,5:40:04,7:06:13,11:34:47,14:09:14,13:26:39,1:31:06,13:59:30,7:07:27,12:47:54,7:36:40,1:49:12,3:04:16,1:09:27,2:54:37,1199:47:50
93,Sorsini,46:32:20,143:59:16,221:15:39,96:19:48,5:12:43,50:49:20,89:13:49,9:09:38,108:21:08,24:36:27,34:26:50,118:11:17,5:54:16,64:27:26,88:25:05,2:00:51,22:41:47,20:15:26,120:47:02,9:54:08,2:18:46,38:07:56,48:41:04,41:14:55,78:47:25,62:42:57,234:32:15,0:00:00,16:53:38,40:44:05,60:53:47,9:50:05,58:52:17,9:19:02,61:53:09,26:30:46,4:35:24,9:48:23,5:40:45,3:32:29,11:58:25,0:56:30,8:02:29,7:00:01,5:54:16,2:18:46,0:22:32,0:24:13,0:53:04,1:09:00,2136:32:40
94,Vaaliity,56:24:17,135:29:10,282:06:27,154:42:05,29:12:59,57:40:50,88:18:22,42:13:44,189:04:16,35:20:04,60:33:20,190:42:50,19:55:54,56:01:30,85:35:40,8:15:15,23:14:34,40:06:25,175:37:46,14:15:15,4:26:25,16:52:04,48:05:00,56:22:22,50:29:27,75:06:24,331:41:55,0:00:00,40:28:01,39:00:03,74:41:34,10:56:51,58:20:38,12:50:02,48:15:34,42:39:07,7:16:58,14:30:50,7:12:20,14:51:52,13:35:51,2:11:54,21:37:36,7:17:26,19:55:54,4:26:25,0:32:31,1:22:30,0:48:09,2:11:56,2772:58:22
95,ST NeyK,56:13:46,63:44:53,98:05:13,41:02:16,19:39:33,15:21:38,51:48:15,18:34:19,32:32:27,13:13:33,10:15:06,40:54:00,13:13:03,24:29:37,40:48:06,5:13:46,18:04:11,8:15:17,60:13:10,16:25:40,4:03:31,13:36:21,16:04:51,27:06:18,35:16:20,23:46:02,97:12:55,0:00:00,13:06:27,27:46:16,43:58:23,7:52:02,43:35:54,4:05:17,37:20:31,43:53:58,9:42:23,2:10:26,6:10:49,18:14:32,16:18:04,5:53:19,17:40:15,13:03:13,13:13:03,4:03:31,0:20:09,1:58:05,2:10:56,7:33:16,1205:24:56
96,godOrbiit,14:04:39,26:02:15,82:17:24,11:28:32,1:52:40,24:29:23,17:01:02,2:05:13,24:08:40,5:22:07,3:46:58,44:22:31,11:50:11,3:51:07,40:26:08,1:43:57,10:21:49,5:22:46,20:42:07,4:38:11,1:24:10,3:49:01,4:45:30,6:05:54,23:56:48,12:28:59,59:51:58,0:00:00,5:11:56,1:50:41,9:19:47,2:02:15,8:23:33,0:42:14,14:40:13,10:04:56,1:29:57,3:22:58,2:38:42,3:42:00,5:10:38,1:00:51,3:23:09,4:39:57,11:50:11,1:24:10,1:05:54,1:24:08,1:46:30,2:30:45,566:05:25
97,Mistakzn,21:32:13,70:55:31,116:55:36,32:03:08,22:55:15,21:30:52,35:49:25,7:52:30,25:06:07,16:54:11,13:04:46,130:19:46,2:51:21,27:49:55,46:45:41,7:36:32,12:49:34,9:51:13,79:44:03,28:21:26,2:12:36,12:31:40,40:03:28,17:11:49,41:32:08,18:48:31,139:45:56,0:00:00,36:27:17,18:42:49,48:44:04,22:30:52,50:54:55,4:26:49,12:26:52,24:07:55,17:29:37,9:34:57,3:09:04,10:22:13,10:03:21,1:11:13,4:20:49,11:20:18,2:51:21,2:12:36,0:36:23,1:48:24,0:46:21,0:59:45,1298:03:08
98,DelqsGN,60:11:23,78:08:29,124:16:54,31:33:30,3:55:41,26:06:35,35:06:33,5:19:47,14:39:34,6:03:19,6:50:49,86:50:47,14:42:35,12:36:34,32:40:35,1:39:13,2:00:50,1:46:01,43:27:38,3:51:41,6:31:01,9:39:32,28:20:06,8:14:34,43:37:15,39:37:33,163:51:15,0:00:00,21:02:20,21:18:00,37:47:04,10:42:02,21:01:55,5:18:29,48:31:58,48:15:04,4:23:47,5:05:23,4:14:15,10:17:39,9:29:04,4:21:09,31:20:25,6:51:47,14:42:35,6:31:01,0:31:50,0:30:05,0:28:05,0:59:29,1205:23:10
99,Tvzic,45:42:54,92:34:39,178:27:11,122:24:29,13:37:59,49:52:09,79:55:35,15:46:57,63:10:17,58:22:16,17:46:55,128:46:24,29:49:05,26:14:46,68:14:35,10:30:23,12:17:57,19:26:26,68:44:08,9:36:44,7:50:16,26:45:07,62:19:23,21:07:25,58:23:16,56:25:27,237:17:12,0:00:00,28:03:04,33:17:13,60:35:57,11:07:45,31:38:46,10:38:02,46:38:06,21:29:35,13:29:08,11:21:43,4:42:51,27:13:44,17:55:12,1:20:52,21:21:34,10:48:04,29:49:05,7:50:16,1:38:35,2:06:58,1:31:35,2:56:47,1979:04:47
100,lobatomy,38:53:21,101:11:07,75:51:32,101:23:38,8:04:26,44:35:54,73:37:01,23:11:47,33:25:55,18:32:12,26:03:17,87:42:28,15:50:13,21:57:10,31:21:57,2:38:47,3:57:10,9:35:57,49:24:30,4:48:07,2:22:12,19:49:45,53:57:33,7:43:58,39:21:12,13:14:41,126:47:27,0:00:00,42:29:49,20:08:06,70:56:08,8:08:22,57:39:22,10:50:11,65:42:00,49:49:08,10:30:04,12:11:57,10:34:18,11:59:27,16:13:26,2:23:25,22:10:12,12:50:09,15:50:13,2:22:12,1:12:33,1:03:16,1:20:52,0:53:20,1482:41:47
101,Aerjos EM,56:58:12,144:38:37,241:52:07,68:07:24,51:52:04,121:11:51,84:50:42,38:25:51,90:10:23,32:41:01,27:02:07,211:18:55,19:10:44,29:36:02,39:42:03,7:01:34,18:05:21,21:28:24,87:00:16,19:09:50,4:29:23,30:41:38,40:38:22,36:38:06,44:10:58,84:54:32,232:35:21,0:00:00,40:15:23,49:42:16,55:29:22,24:21:35,90:36:58,15:18:49,73:43:57,32:52:11,17:13:29,40:08:54,24:53:16,21:56:22,21:45:37,5:49:30,25:19:19,16:42:27,19:10:44,4:29:23,1:47:24,1:58:27,4:16:58,2:56:26,2475:20:35
102,TragikL Exe,35:44:56,49:52:14,97:19:06,41:42:21,2:25:01,31:11:14,33:16:46,4:28:33,15:39:20,7:06:47,1:17:05,46:13:36,22:08:15,3:12:41,31:07:40,0:14:38,0:45:47,0:18:34,25:23:34,1:48:33,3:54:11,13:13:00,23:22:07,6:03:01,33:13:46,17:50:16,103:19:56,0:00:00,4:54:31,6:14:16,34:10:48,4:14:36,30:01:20,4:33:35,28:33:13,22:14:49,7:14:05,8:29:51,4:21:48,11:19:03,7:26:02,1:38:29,8:42:02,10:07:54,22:08:15,3:54:11,0:40:27,0:43:47,0:30:41,0:44:09,875:10:50
103,Qashe,41:27:38,67:52:32,75:46:42,73:20:05,5:13:05,43:45:04,53:22:06,13:38:57,26:28:44,12:23:40,12:12:57,62:41:44,25:53:55,14:19:49,61:53:23,1:17:58,7:26:59,7:47:33,33:13:25,7:01:20,8:24:25,28:54:23,34:21:24,16:21:37,52:02:24,28:07:30,81:56:07,0:00:00,24:40:18,21:57:18,68:41:12,12:30:16,26:36:04,12:20:45,32:08:13,29:22:36,7:35:39,9:31:03,6:43:31,22:32:28,17:55:45,1:41:41,19:25:32,8:14:02,25:53:55,8:24:25,1:16:00,1:24:53,0:22:16,2:20:39,1258:53:57
104,Nexom,55:28:03,116:26:06,73:42:06,12:59:18,15:44:55,44:05:25,62:53:10,1:55:28,16:11:24,6:35:24,7:25:40,73:30:31,38:07:15,1:00:09,51:03:16,4:31:39,10:26:07,5:53:08,22:31:10,26:44:49,2:37:05,18:45:55,13:47:57,15:21:01,61:37:37,18:48:45,77:29:38,0:00:00,39:23:04,48:05:57,10:37:28,5:11:14,63:25:18,5:15:49,40:46:52,55:59:50,3:00:29,11:31:32,3:52:59,49:32:31,28:09:18,7:24:50,6:52:01,17:17:37,38:07:15,2:37:05,0:50:37,0:22:55,1:00:12,1:30:26,1296:38:20
105,WoIf eT,50:53:05,80:08:44,196:07:52,53:19:04,10:04:19,54:43:53,108:43:51,8:07:13,118:28:57,15:15:08,23:33:51,120:02:32,31:50:32,15:19:50,82:42:00,7:16:19,18:58:01,8:57:33,95:33:38,9:03:28,0:57:58,19:23:18,38:15:41,28:26:41,60:00:16,71:40:42,138:21:01,0:00:00,20:41:24,45:58:58,31:50:50,4:47:33,50:11:21,5:40:39,69:46:21,24:12:04,1:33:23,5:30:05,8:13:11,15:21:49,9:43:31,2:02:55,8:17:10,5:31:33,31:50:32,0:57:58,1:51:06,0:56:54,2:55:38,0:49:43,1815:00:05
106,I3awd,39:48:10,67:24:51,162:55:00,61:10:35,27:40:11,26:30:45,48:06:53,12:45:27,45:17:51,26:41:15,7:28:02,89:02:40,11:47:32,16:09:33,61:07:11,2:07:52,8:20:47,16:16:15,58:41:36,8:16:49,4:12:56,11:47:19,44:35:44,15:14:00,22:18:40,36:41:58,143:13:20,0:00:00,14:35:08,31:06:56,80:50:38,10:58:14,38:26:33,8:10:59,26:27:08,17:29:02,4:10:55,13:45:41,3:24:23,12:29:13,17:12:42,3:14:15,24:10:28,10:13:09,11:47:32,4:12:56,0:33:38,0:58:54,0:39:34,1:49:11,1412:30:21
107,BoeIow,30:54:34,96:53:36,123:33:16,13:47:36,0:22:10,22:22:36,3:39:26,0:18:00,8:30:38,1:59:24,4:38:09,96:31:12,0:04:37,0:16:02,28:58:28,0:56:00,0:25:13,0:36:00,42:56:12,1:16:15,7:30:24,2:52:17,2:42:23,3:45:55,27:27:24,1:49:38,137:48:34,0:00:00,4:02:18,1:47:56,6:58:04,0:06:37,13:19:19,0:14:30,30:51:42,40:14:03,3:02:32,0:00:00,0:05:57,1:45:40,8:18:39,0:00:00,6:57:54,7:30:24,21:58:03,0:43:10,0:14:24,0:13:43,0:07:40,0:06:28,811:35:02
108,FrostyJ Exe,40:05:45,88:38:14,133:15:10,60:30:03,52:42:39,49:21:29,58:28:32,3:08:58,30:25:14,22:55:23,6:32:35,82:20:06,7:21:45,23:50:15,103:27:59,0:47:49,1:36:03,0:57:09,41:54:05,37:55:00,2:21:43,50:12:34,47:09:04,29:05:24,41:20:00,25:13:34,167:45:16,0:00:00,62:31:33,45:19:27,74:00:04,12:14:21,79:25:08,3:29:54,83:54:58,31:02:15,23:37:05,39:50:58,9:03:50,24:44:04,19:39:56,5:55:37,23:23:12,5:44:53,7:21:45,2:21:43,0:19:51,2:17:13,0:06:02,0:36:45,1766:22:22
109,Zayn Wqrren,31:35:33,46:55:44,150:55:18,66:54:47,6:14:04,21:01:01,68:18:50,6:11:59,30:42:51,15:33:39,7:18:43,78:37:33,4:22:52,22:37:30,58:29:12,1:15:35,4:55:08,4:08:40,12:36:59,5:50:46,1:13:41,18:53:31,19:36:51,14:52:18,13:00:11,36:08:02,134:07:28,0:00:00,6:21:10,14:27:02,35:57:54,5:26:55,54:22:34,33:25:48,48:55:40,34:14:17,3:17:25,10:13:08,5:07:19,8:43:01,15:53:22,1:50:00,2:24:39,3:12:35,4:22:52,1:13:41,0:06:44,0:29:58,0:03:11,0:03:45,1172:41:46
110,MonteIIe,14:15:57,24:34:36,33:43:50,21:57:33,2:45:58,11:08:11,10:10:51,3:02:39,8:00:10,8:19:35,1:39:15,25:19:35,12:11:32,2:56:59,20:49:46,2:19:58,0:43:27,0:42:19,18:54:06,8:30:44,1:57:33,4:24:46,23:49:06,7:14:08,22:10:27,7:16:51,77:26:03,0:00:00,8:45:00,10:10:47,21:29:23,3:32:51,9:19:03,1:32:01,12:09:16,16:41:29,4:28:51,2:59:40,2:16:05,8:35:02,5:47:44,1:12:53,16:56:59,4:37:25,12:11:32,1:57:33,0:07:28,0:03:11,0:30:00,0:00:00,521:50:08
111,Insidious SZN,58:18:06,95:36:34,128:19:02,71:24:16,15:53:23,63:43:02,67:34:07,14:09:09,58:18:33,23:41:47,21:57:00,97:21:33,20:54:05,24:08:22,72:55:37,8:09:21,16:00:58,13:27:18,62:30:07,11:57:16,5:45:30,28:27:34,41:54:37,32:49:29,56:08:36,39:52:26,148:10:48,0:00:00,31:05:40,35:14:38,56:16:43,13:53:54,61:11:25,11:26:37,50:16:28,43:08:47,7:44:07,15:55:53,8:37:48,24:41:32,16:35:11,2:40:12,18:23:44,8:10:11,20:54:05,5:45:30,3:51:01,4:43:46,3:26:23,4:06:16,1747:38:27
112,Pruvii,20:20:36,22:20:53,71:32:34,50:52:45,7:03:51,26:50:48,53:13:49,8:38:55,124:39:50,13:25:22,42:07:54,50:02:15,24:25:28,6:07:05,51:22:40,0:35:44,10:56:18,2:41:24,98:07:23,4:54:21,2:23:58,16:30:32,18:49:19,9:25:07,17:40:07,135:19:22,95:16:20,0:00:00,14:43:39,31:54:20,12:53:54,7:55:31,51:03:55,2:31:55,29:48:40,31:05:01,8:36:21,9:30:34,6:56:32,8:45:47,9:08:31,4:00:57,3:37:11,2:41:07,24:25:28,2:23:58,3:31:11,2:32:45,0:31:08,7:02:54,1261:25:59
113,iSavaage,3:19:20,3:32:56,7:46:23,0:35:58,0:42:01,0:03:01,3:37:08,3:48:24,3:13:51,1:26:41,0:53:08,6:26:58,7:18:10,4:59:33,4:00:07,0:23:12,3:04:35,1:03:44,3:43:20,0:32:05,2:13:04,1:20:47,2:01:07,0:03:16,4:02:39,0:00:00,5:47:03,0:00:00,7:31:21,0:03:57,0:00:00,2:48:38,0:05:04,0:00:00,0:00:00,0:00:00,0:00:00,3:37:30,0:00:00,0:00:00,0:00:00,0:00:00,0:00:00,0:00:00,7:18:10,0:00:00,0:00:00,0:00:00,0:00:00,0:00:00,97:23:11
114,KriegerNiTRO,55:01:35,116:37:44,165:04:16,57:13:43,13:33:19,48:26:56,93:11:38,10:38:30,75:04:27,29:14:23,11:46:13,110:59:45,15:13:39,21:59:54,50:05:18,3:14:08,32:13:04,21:22:22,51:01:46,4:32:37,5:35:44,13:52:01,15:03:34,29:01:03,39:01:16,32:42:14,155:56:03,0:00:00,20:19:43,8:16:05,27:12:03,18:48:02,84:14:58,11:37:34,49:18:27,34:31:48,18:34:19,6:05:48,16:59:52,6:11:22,14:50:24,4:51:50,12:44:53,4:39:44,15:13:39,5:35:44,2:51:06,8:06:20,0:04:44,4:26:36,1653:22:13
115,uncert,30:15:14,104:31:24,154:15:35,76:42:29,16:21:35,56:10:27,48:12:37,8:49:27,95:07:12,16:16:16,4:53:55,105:49:57,14:04:42,14:08:39,44:50:23,2:00:50,9:31:57,3:18:55,84:30:39,10:56:25,0:22:53,7:41:18,65:42:41,13:08:13,24:59:22,53:52:27,204:30:51,0:00:00,29:02:14,23:30:54,70:52:53,9:28:25,78:58:55,10:07:18,41:50:19,17:46:15,3:55:58,21:45:28,1:29:32,10:50:18,11:16:48,3:29:29,11:02:05,2:50:51,14:04:42,0:22:53,0:15:36,0:19:01,1:00:18,0:48:03,1636:14:38
116,Cxnco,18:54:56,29:23:09,64:27:58,38:43:16,2:04:58,16:23:37,35:30:26,1:56:58,5:05:17,8:59:26,6:16:05,45:26:57,7:39:13,3:30:10,19:03:48,2:01:55,7:17:24,0:37:31,16:07:53,2:55:56,2:47:54,2:22:24,18:25:15,4:56:10,25:17:22,3:26:37,67:57:36,0:00:00,6:52:34,13:05:34,20:05:37,2:40:17,30:32:53,5:21:01,37:22:18,11:02:22,16:21:20,4:47:58,4:21:19,6:22:57,9:37:31,0:24:43,9:50:57,10:12:37,7:39:13,2:47:54,0:39:28,6:55:17,1:11:30,0:12:24,666:07:55
117,PGM QO,141:53:05,116:04:17,178:46:52,54:33:21,37:32:47,49:37:14,65:44:59,10:03:11,86:27:53,19:10:46,16:51:10,119:53:09,19:21:49,30:01:25,32:37:06,14:44:25,15:02:07,15:26:22,50:48:31,42:46:42,1:51:50,14:59:02,26:41:49,38:42:45,31:32:46,76:26:46,108:56:39,0:00:00,29:20:53,25:18:45,51:56:12,19:44:50,80:01:37,17:46:31,90:36:04,34:04:50,7:50:57,10:49:38,13:54:47,7:36:37,39:11:08,1:42:25,9:16:57,17:02:24,19:21:49,1:51:50,1:01:56,7:33:23,1:05:24,3:40:57,1907:28:42
118,baIacorey,45:13:41,99:02:31,220:55:32,126:55:17,43:52:09,36:54:34,32:29:41,18:12:13,66:07:12,23:40:52,48:19:20,141:17:01,9:28:24,29:41:44,70:10:42,20:42:29,21:14:51,13:40:14,113:29:07,16:43:55,3:01:04,12:30:18,40:21:35,26:45:58,37:12:25,35:25:38,165:02:54,0:00:00,16:18:07,32:54:13,56:03:43,22:58:08,59:25:07,9:27:24,46:46:17,18:38:02,9:28:54,12:47:56,9:53:15,10:26:57,19:06:27,6:08:30,7:04:49,5:49:27,9:28:24,3:01:04,1:09:11,1:58:46,0:48:16,1:06:39,1879:20:57
119,KrypTic Runner,81:44:39,193:33:36,444:53:20,96:32:31,41:01:04,131:12:14,128:09:36,12:23:03,221:46:53,29:24:49,47:29:57,306:59:08,35:55:34,15:45:53,141:40:39,5:46:15,18:52:50,8:44:59,159:50:41,13:17:30,3:44:01,22:11:30,59:28:16,61:55:29,68:55:39,115:05:12,318:56:21,0:00:00,15:35:52,54:09:37,78:08:28,18:39:58,99:40:15,9:58:28,128:49:01,52:21:13,8:04:42,31:02:31,15:53:54,19:08:05,13:52:35,7:20:48,29:21:56,20:27:04,35:55:34,3:44:01,1:04:37,0:51:16,2:27:11,0:34:45,3432:33:30
120,ySoIary,26:41:57,19:41:21,49:52:04,19:28:53,0:31:46,7:53:09,23:07:10,2:51:22,5:21:59,2:13:53,0:57:00,19:07:53,1:47:47,2:04:04,22:58:22,0:18:16,0:40:56,0:03:14,21:45:56,0:22:07,9:06:33,3:05:31,3:27:49,1:34:57,22:03:31,9:48:09,74:24:40,0:00:00,9:47:14,5:10:37,17:47:05,0:31:04,3:03:57,0:19:06,12:58:44,22:17:07,9:13:28,1:15:34,1:17:04,9:37:02,2:44:16,0:42:44,27:16:28,5:23:36,27:22:07,6:03:02,0:06:17,0:11:29,1:30:56,0:25:39,516:24:55
121,notProxa,28:20:50,77:44:40,334:31:43,59:28:12,16:13:46,60:34:46,141:07:09,13:30:13,131:00:13,26:18:26,15:30:13,128:45:56,28:50:08,24:06:45,246:02:48,1:58:44,10:04:48,19:12:59,98:54:37,6:16:18,2:45:21,11:12:16,33:56:54,43:34:50,56:39:33,28:17:37,176:39:39,0:00:00,26:13:02,21:32:06,49:59:04,22:43:43,87:38:44,21:11:31,41:09:33,35:05:36,3:13:03,8:52:07,5:50:09,13:44:29,11:50:51,1:02:17,10:43:02,1:47:00,28:50:08,2:45:21,0:19:56,1:28:22,0:54:27,0:18:47,2218:52:42
122,PMGSlabgang,31:37:57,118:20:34,96:09:59,33:51:53,6:42:33,22:08:07,50:03:17,8:35:07,10:07:41,9:47:36,7:35:04,54:19:04,13:39:19,5:11:49,14:24:53,1:02:48,1:42:41,5:58:55,40:10:53,3:31:02,7:25:49,3:31:53,24:36:01,10:02:33,15:05:38,7:41:59,192:18:20,0:00:00,18:39:41,14:47:41,49:09:05,6:14:02,41:17:59,0:48:52,40:02:15,31:31:10,6:21:31,9:54:42,4:25:15,15:32:40,7:20:02,2:12:44,14:33:42,3:32:26,13:39:19,7:25:49,2:43:51,1:41:57,1:35:50,1:54:51,1091:08:49
123,l Ascend l,18:39:36,114:03:18,97:55:30,52:59:50,3:41:58,17:18:07,69:04:26,10:07:12,15:25:08,17:02:38,5:10:32,135:53:06,8:00:38,2:11:45,28:00:52,2:32:57,11:53:16,6:27:30,43:19:14,9:59:19,1:38:20,11:11:20,89:49:27,4:06:13,71:37:38,17:18:51,251:50:38,0:00:00,13:18:08,20:56:47,42:14:03,1:56:45,64:23:54,5:35:01,20:37:25,31:18:35,16:37:54,14:17:57,2:57:31,3:08:51,17:44:11,0:09:08,16:51:52,0:54:47,8:00:38,1:38:20,0:10:14,0:03:25,0:00:00,0:02:50,1400:17:35
124,Legit Buxrst,7:32:33,7:53:44,22:32:12,4:48:39,1:22:19,7:55:57,5:55:41,2:14:27,6:21:44,0:37:39,1:50:36,9:53:14,0:17:25,0:33:15,7:36:34,0:35:18,0:11:50,0:06:09,8:29:15,0:34:06,0:09:44,1:37:43,2:03:34,2:27:43,4:38:01,9:18:20,18:53:36,0:00:00,1:49:12,2:07:33,8:08:22,1:19:25,4:44:48,1:27:15,6:30:13,7:50:10,0:58:29,1:14:29,1:59:14,3:58:41,1:08:27,0:20:48,1:43:01,1:28:49,8:03:59,0:19:33,0:19:47,0:44:39,0:18:00,0:14:43,193:20:55
125,DYRONATER,15:39:10,89:45:40,128:11:51,73:10:32,3:11:20,29:23:54,75:01:00,10:33:00,19:50:40,22:52:02,22:24:57,137:35:55,27:02:27,18:21:49,25:26:16,0:56:52,2:17:22,5:35:37,64:26:30,1:11:59,3:10:02,11:09:33,36:54:25,30:12:26,31:52:41,31:42:59,257:31:00,0:00:00,33:41:33,9:57:04,49:58:05,10:32:02,51:36:10,6:10:07,72:53:17,93:34:57,3:54:17,21:11:25,6:13:07,29:47:19,13:40:12,0:03:55,17:24:05,11:11:30,27:02:27,3:10:02,0:45:26,0:22:30,1:17:11,0:57:01,1640:55:41
126,Truman,62:35:31,88:47:35,274:50:32,88:56:44,19:22:32,101:56:37,57:14:09,30:48:31,171:27:03,33:15:25,28:19:44,122:40:08,38:26:19,27:27:59,110:37:53,14:01:20,28:54:48,14:02:33,136:41:13,8:06:57,9:18:21,15:59:50,77:19:32,33:54:02,74:15:45,47:42:34,228:11:24,0:00:00,18:07:21,42:37:25,64:23:46,13:09:30,60:08:56,11:29:38,42:18:46,48:47:44,22:14:14,26:15:45,9:55:49,24:13:36,11:18:18,3:38:33,23:15:52,21:10:27,38:26:19,9:18:21,2:31:32,3:26:05,4:41:53,1:47:52,2448:32:43
127,Jukoa,39:40:43,97:06:16,201:19:37,63:24:54,16:02:09,54:52:41,54:35:26,8:17:05,52:46:51,24:26:03,15:45:21,83:14:08,29:02:37,4:18:29,70:52:14,2:46:06,10:03:25,3:25:45,77:45:33,9:48:22,6:37:36,6:13:43,46:29:18,17:49:54,23:39:28,30:35:04,205:26:51,0:00:00,28:32:59,20:03:33,87:59:08,10:36:46,63:48:45,8:53:23,44:16:52,38:54:22,16:00:16,24:55:18,11:32:20,41:18:28,24:40:36,2:59:41,41:51:08,17:37:14,29:02:37,6:37:36,2:16:55,2:42:04,1:12:04,7:18:40,1789:36:24
128,KinggBradd,64:31:22,80:04:29,117:46:05,28:11:18,17:17:58,61:00:37,33:51:00,21:22:01,47:19:17,11:04:15,24:59:32,76:35:16,8:42:17,13:24:58,56:28:00,3:06:33,6:19:53,8:42:37,61:49:39,17:18:02,0:14:41,25:23:04,16:53:45,31:44:09,31:09:16,126:09:26,125:33:13,0:00:00,20:30:43,31:44:16,63:46:04,5:13:24,72:33:15,12:59:19,53:03:37,22:57:07,4:01:38,7:23:46,4:23:00,23:35:49,6:11:40,2:06:22,8:48:55,1:48:59,8:42:17,0:14:41,0:15:05,0:26:03,0:38:48,0:14:09,1468:41:40
129,AdehxYT,39:27:00,75:18:48,109:06:02,23:16:34,12:26:30,34:55:21,46:05:48,7:28:17,39:24:31,8:18:44,20:46:00,48:46:29,14:21:41,19:22:44,29:33:52,3:48:43,8:42:23,9:19:35,34:18:08,10:41:16,5:05:36,11:23:05,12:19:00,14:01:05,25:07:33,22:59:00,86:32:13,0:00:00,20:48:28,24:56:57,27:34:30,9:29:53,48:52:20,14:44:11,22:10:23,12:55:53,11:25:25,6:44:28,5:58:28,8:04:46,16:03:51,4:58:43,11:32:38,7:02:46,14:21:41,5:05:36,0:00:00,3:19:54,0:08:25,0:00:00,1049:15:14
130,Swhb,48:46:25,106:35:03,134:03:52,65:34:52,17:35:51,53:14:32,88:28:18,10:18:11,68:09:29,23:40:45,15:17:21,88:40:53,15:35:19,19:11:31,75:38:25,2:33:58,12:09:21,4:07:01,63:51:16,21:15:35,3:08:55,18:26:00,26:32:22,19:19:51,39:57:31,30:48:50,138:17:33,0:00:00,42:38:56,44:18:10,54:52:12,15:57:09,61:41:38,10:40:33,52:55:45,38:36:03,26:58:40,17:47:11,12:04:31,16:25:13,20:51:54,6:42:44,17:12:05,16:44:40,15:35:19,3:08:55,1:18:05,2:13:05,0:32:14,5:10:09,1695:44:11
131,Skybixz,86:46:14,114:50:58,170:45:32,51:55:28,20:27:08,37:05:54,110:00:34,9:27:39,34:33:45,50:00:16,9:18:35,97:33:57,28:26:14,41:01:41,81:02:38,3:39:27,10:44:26,8:05:07,60:31:17,13:44:12,7:59:14,14:20:08,23:05:20,31:49:11,53:46:15,47:24:32,215:30:07,0:00:00,108:57:04,41:01:20,67:17:27,12:15:54,59:27:16,6:53:57,41:36:03,47:30:00,8:32:05,6:12:33,7:23:34,20:00:45,23:22:36,3:02:34,34:15:03,12:16:32,28:26:14,7:59:14,3:01:31,5:08:48,0:52:49,8:21:54,1987:51:02
132,zoaeh,30:21:52,64:09:55,137:42:48,12:22:30,3:23:42,15:11:14,65:19:57,2:47:11,16:49:41,2:18:05,14:52:21,79:17:11,20:47:47,4:57:44,35:03:38,0:47:58,0:53:57,1:01:32,17:12:30,6:19:42,3:27:37,22:01:29,18:12:13,8:50:51,51:01:46,5:22:56,96:38:55,0:00:00,18:57:21,8:04:23,40:36:55,11:50:19,38:14:46,12:33:34,34:27:24,39:35:00,11:33:18,6:57:10,14:33:53,9:53:56,14:18:30,1:52:44,18:04:06,3:10:06,20:47:47,3:27:37,1:18:55,2:35:40,0:26:39,1:28:17,1052:05:22
133,Accept Jumper,75:30:53,153:47:23,275:01:26,61:58:13,9:31:46,42:35:54,48:24:21,10:55:05,39:25:19,18:12:56,13:07:28,143:09:34,19:28:22,9:00:08,68:28:46,8:46:30,9:32:49,3:11:49,60:12:10,15:24:57,3:39:50,31:02:53,24:02:42,23:37:37,15:49:12,86:41:45,188:01:48,0:00:00,26:26:44,45:56:34,54:54:28,14:29:46,113:30:42,11:24:39,109:21:42,57:23:50,17:49:14,18:07:20,18:39:36,37:29:14,29:30:40,16:42:43,13:59:33,12:30:27,19:28:22,3:39:50,2:43:13,2:54:53,2:28:06,1:51:00,2090:04:12
134,Zolkl,55:00:35,105:29:28,76:44:54,49:24:35,21:29:14,46:13:48,88:56:43,20:59:07,86:15:08,13:44:41,18:44:00,142:55:20,15:26:07,15:18:24,35:18:51,2:48:26,7:04:04,11:52:05,75:41:43,14:24:58,4:41:26,16:21:03,49:20:53,30:18:59,84:08:48,29:55:22,268:20:02,0:00:00,78:02:26,32:02:37,67:03:14,15:40:02,37:56:05,21:00:20,59:57:03,111:59:35,9:41:50,13:58:16,14:03:04,15:46:07,16:46:49,2:27:24,9:07:35,3:37:40,15:26:07,4:41:26,0:44:29,1:55:37,1:13:02,0:30:53,1920:40:25
135,RKS eV,37:47:18,114:13:47,276:42:15,65:16:59,12:07:00,61:41:42,89:10:12,12:55:58,69:33:56,50:25:25,39:36:18,118:49:41,4:45:33,28:40:48,84:47:08,3:13:40,16:07:11,8:31:48,63:26:11,8:32:40,1:47:57,24:31:35,43:39:39,30:32:47,110:48:47,42:16:12,212:16:24,0:00:00,22:23:53,40:55:19,33:43:52,13:49:31,140:30:06,26:49:28,95:57:22,25:03:16,12:35:38,11:27:06,12:33:28,10:10:56,15:26:16,2:11:28,16:14:27,8:07:44,4:45:33,1:47:57,3:06:39,2:34:02,0:42:23,2:56:28,2136:11:43
136,FjlloZ eV,42:00:58,94:08:56,105:41:04,76:43:17,9:30:12,38:20:27,71:17:50,23:10:07,55:05:25,29:39:49,19:36:24,86:04:00,7:58:39,30:46:46,85:39:25,3:58:36,12:50:09,21:25:00,46:20:30,18:49:19,2:06:34,17:53:55,54:44:11,20:43:11,25:46:29,42:59:19,106:51:29,0:00:00,11:41:41,27:53:11,29:56:19,8:02:12,27:14:43,5:11:00,28:38:06,17:27:10,5:28:48,5:10:40,5:03:37,12:29:22,13:26:20,1:14:29,12:02:21,5:41:15,7:58:39,2:06:34,0:58:42,0:25:28,0:44:29,0:26:23,1379:33:30
137,notZaiiko,73:56:42,55:18:30,337:20:54,114:13:26,34:39:31,42:34:14,73:38:19,14:13:32,80:00:15,26:48:38,24:02:57,167:29:39,24:32:26,33:01:13,84:28:05,8:23:35,27:40:25,17:25:27,109:51:17,20:05:27,2:39:47,20:09:29,42:55:29,40:44:26,54:26:58,48:17:04,337:35:47,0:00:00,20:10:10,36:55:41,28:09:00,6:59:37,44:39:46,8:29:14,32:44:02,51:32:29,3:48:23,16:31:55,7:05:06,21:16:06,18:12:44,5:03:33,13:29:29,5:33:44,24:32:26,2:39:47,2:58:02,2:13:42,1:51:42,3:32:42,2275:02:52
138,Sippin Exe,8:37:01,21:38:10,21:19:02,13:11:47,1:18:09,12:15:49,14:59:05,2:52:08,9:54:48,4:30:20,6:35:23,11:38:53,0:30:59,8:40:20,13:47:40,0:31:24,2:35:03,1:39:45,11:08:12,7:16:31,0:10:06,4:10:56,11:02:58,8:33:14,11:00:46,5:55:30,34:39:00,0:00:00,6:29:17,4:47:54,1:19:42,0:44:29,7:04:57,0:35:49,3:14:10,3:44:40,0:00:00,0:03:55,0:18:53,0:13:55,0:47:00,0:00:00,0:28:02,0:10:06,1:38:17,0:09:03,0:00:00,0:02:29,0:02:59,0:40:21,283:08:57
139,uobv,28:19:48,23:01:06,35:13:18,3:34:09,5:42:32,23:58:13,21:31:46,7:33:09,6:43:13,1:03:18,9:05:43,34:22:27,8:07:44,8:33:35,15:07:33,4:02:36,3:55:50,2:41:07,9:38:07,3:47:31,1:38:53,9:35:14,9:32:33,8:25:50,21:42:31,5:37:07,38:51:22,0:00:00,9:13:06,7:04:15,16:08:02,6:01:58,19:50:25,4:16:27,19:27:24,21:16:17,5:42:11,7:31:06,9:34:58,10:12:06,8:02:55,3:01:41,10:30:48,2:59:03,8:07:44,1:38:53,3:30:40,6:28:01,3:45:55,2:11:00,538:01:10
140,zDanGeroouS,50:23:44,236:00:29,205:16:43,41:23:15,27:37:24,69:44:04,105:32:42,4:02:06,59:16:18,4:42:49,8:17:26,102:06:20,22:32:56,7:39:03,237:36:07,1:41:44,13:49:10,4:11:46,94:18:08,3:48:54,3:26:17,11:50:38,13:07:42,15:24:12,78:26:08,27:26:39,178:54:44,0:00:00,22:49:36,27:52:22,60:00:01,16:33:44,80:30:11,17:16:57,144:11:08,105:47:07,10:51:33,27:43:50,19:08:06,36:10:58,34:51:16,4:13:16,32:16:41,5:06:49,22:32:56,3:26:17,1:02:13,1:10:40,2:03:00,7:07:28,2311:23:37
141,Fines,63:44:53,79:32:44,199:55:52,28:59:52,8:47:51,44:58:28,48:52:21,7:34:05,22:03:06,9:26:06,25:16:14,69:19:46,23:28:49,9:23:32,56:02:15,6:01:23,11:40:45,7:54:40,57:53:55,6:57:28,4:29:09,29:09:55,15:38:37,14:14:09,49:07:27,17:16:18,126:47:43,0:00:00,23:53:16,28:11:22,32:36:04,14:53:13,82:28:52,14:09:47,53:14:11,66:17:09,6:25:21,11:13:09,5:21:09,22:11:46,14:28:50,1:37:42,16:42:09,14:20:06,23:28:49,4:29:09,2:13:43,5:48:00,6:17:56,7:05:05,1502:04:11
142,ImJustTooGuud,85:46:51,183:12:44,217:14:48,164:02:44,30:53:49,87:26:37,179:57:35,44:14:08,190:28:21,34:10:45,41:31:17,197:40:54,22:50:17,87:42:24,147:40:12,8:06:50,64:26:55,35:31:07,84:20:28,29:45:39,14:29:19,50:01:51,87:10:04,98:14:15,104:51:50,57:59:46,229:29:28,0:00:00,58:58:19,57:19:57,88:47:52,38:45:41,77:26:05,28:12:30,72:55:40,38:52:29,27:04:25,28:54:25,29:34:21,30:18:30,32:56:15,7:09:09,28:30:55,23:24:10,22:50:17,14:29:19,4:22:52,11:07:22,6:35:45,5:43:20,3313:40:36
143,denivanov4,40:00:16,27:15:15,44:16:45,60:46:36,22:29:54,20:41:27,23:47:42,48:29:37,10:30:51,28:24:29,36:58:36,45:20:37,19:09:01,40:48:15,25:59:52,26:49:04,37:00:39,32:43:37,16:18:38,26:58:40,27:40:45,15:50:46,30:22:40,28:14:46,19:04:43,51:50:57,39:58:33,0:00:00,23:14:15,33:38:09,46:51:21,6:14:38,15:14:21,9:50:46,17:44:55,24:57:53,20:29:55,18:27:53,13:44:26,13:24:29,11:29:51,21:07:32,18:50:51,15:29:42,19:09:01,27:40:45,1:48:53,3:49:21,2:40:16,6:00:57,1219:53:11
144,Seizurre,33:09:58,54:01:25,172:26:43,39:47:15,5:45:13,21:26:36,27:57:14,11:05:29,19:05:46,23:26:30,10:00:48,54:43:25,10:47:48,9:13:19,43:22:16,3:24:11,4:33:03,4:37:47,45:46:46,4:15:22,4:24:24,8:33:00,20:00:15,8:29:44,25:20:36,62:35:30,168:16:47,0:00:00,13:03:41,22:28:31,30:45:36,7:40:00,31:53:16,6:32:49,50:52:08,12:14:46,6:04:58,9:48:27,6:20:03,20:34:05,11:27:27,2:29:11,11:26:23,5:48:00,10:47:48,4:24:24,0:44:39,0:49:53,0:29:32,1:32:03,1164:54:50
145,CIockn,39:24:27,60:08:22,104:03:49,80:13:25,8:32:31,34:33:18,70:14:45,5:28:33,60:09:08,26:07:01,15:38:59,96:22:21,8:37:43,8:17:58,41:07:27,3:30:21,17:59:14,6:08:27,69:43:44,3:39:33,5:04:37,16:18:30,43:18:45,15:12:40,33:52:10,63:02:30,112:34:07,0:00:00,9:34:29,42:10:06,21:46:23,5:44:53,9:47:35,2:58:12,10:46:10,7:41:43,1:48:41,8:50:43,4:03:07,6:49:36,3:25:52,0:18:19,8:37:43,3:28:49,5:38:00,3:11:11,0:00:00,0:00:00,0:00:00,1:00:04,1207:06:01
146,Egypxt,98:09:30,109:28:21,178:48:38,43:47:16,13:53:13,48:00:03,69:15:05,29:27:04,34:52:35,22:01:59,67:27:31,92:50:14,9:24:41,31:25:06,49:34:08,3:26:13,14:02:47,15:23:06,70:47:38,8:26:05,8:12:45,31:16:39,44:04:39,22:07:41,48:16:29,28:49:12,141:07:21,0:00:00,35:21:25,20:10:55,45:34:28,19:48:13,48:14:59,12:12:26,45:57:58,28:46:29,13:02:15,23:22:36,15:44:33,20:51:16,13:40:22,4:31:27,17:22:36,7:43:23,9:24:41,8:12:45,3:56:25,4:44:38,2:06:16,2:18:19,1737:34:24
147,Jinx8656,22:29:16,83:22:10,214:04:04,41:56:22,8:04:10,43:03:12,53:02:00,7:42:43,86:43:32,13:00:51,21:42:49,105:22:12,7:56:02,16:03:19,84:16:03,4:45:29,9:10:46,6:59:52,78:50:36,1:31:22,1:59:58,7:21:18,18:08:13,21:14:28,38:13:47,34:04:17,181:35:23,0:00:00,5:40:36,11:56:45,21:46:38,8:16:26,38:55:49,6:57:40,45:23:52,28:40:56,4:42:29,9:44:29,8:56:40,5:08:29,3:30:42,1:14:03,7:48:27,4:58:10,7:56:02,1:59:58,0:56:52,0:00:00,1:24:21,0:03:28,1438:47:06
148,Rtrct,37:54:24,115:49:14,208:17:55,47:51:32,8:53:57,30:45:15,52:52:40,4:42:45,43:18:54,14:57:15,14:18:00,121:35:49,11:37:39,4:50:32,44:19:11,1:02:58,14:40:59,2:57:14,49:34:57,2:34:49,5:53:06,25:42:03,67:17:11,37:00:45,49:19:08,51:04:01,305:37:00,0:00:00,14:28:38,36:34:18,31:03:47,6:08:02,57:44:41,7:08:27,47:53:02,30:05:11,7:51:37,15:09:56,2:21:42,21:14:23,7:39:38,2:59:59,13:01:26,5:58:06,11:37:39,5:53:06,0:38:47,0:28:48,0:17:06,0:28:08,1701:35:40
149,Scraptur,39:25:45,57:18:18,156:15:32,46:58:12,23:05:20,49:23:36,42:24:01,12:24:08,65:11:21,19:52:44,21:32:43,90:16:04,6:07:47,24:12:45,58:00:05,5:02:14,28:19:04,21:07:36,62:17:43,18:34:05,1:11:04,13:35:30,27:12:31,29:00:55,37:51:39,76:07:12,205:19:32,0:00:00,14:57:00,38:15:26,15:31:18,11:52:54,36:30:58,5:49:31,21:33:02,12:04:20,4:35:11,5:43:50,2:27:43,11:07:15,11:17:31,2:16:27,9:37:30,3:37:55,6:07:47,1:11:04,0:45:30,1:04:01,0:58:36,2:02:48,1457:35:03
150,Arab Mxster,24:58:43,65:10:39,147:03:24,266:01:39,46:41:37,40:17:39,124:03:28,53:10:17,364:04:09,51:03:24,16:20:53,162:04:56,32:37:12,37:33:50,231:36:46,1:17:10,20:42:47,21:56:15,198:19:36,68:39:09,15:12:46,39:46:12,91:59:46,128:45:41,104:54:37,58:41:08,176:01:52,0:00:00,58:53:25,47:53:20,66:58:34,54:15:06,101:41:56,9:38:32,100:34:55,11:28:26,17:12:36,9:26:27,13:47:30,10:38:55,30:55:23,5:54:31,29:39:46,5:30:03,32:37:12,15:12:46,0:21:31,1:13:15,0:41:22,0:22:10,3214:03:16
151,Night Bangs,60:35:54,129:36:56,81:21:58,92:01:55,21:31:38,57:21:30,100:57:54,13:04:37,57:05:46,61:03:17,19:56:40,73:22:02,22:36:40,26:39:04,88:50:31,2:51:10,22:47:27,18:30:28,82:26:40,22:18:59,12:37:45,20:13:26,62:15:28,23:35:17,34:34:12,69:58:46,177:12:50,0:00:00,45:54:26,67:41:20,58:14:39,10:23:12,54:53:41,7:04:18,34:07:19,39:29:49,17:03:34,11:02:07,4:26:01,33:21:37,21:47:22,3:30:35,26:26:55,14:23:37,22:36:40,12:37:45,0:58:35,1:24:54,0:50:25,7:44:07,1951:31:48
152,Dapz OF,34:24:01,196:58:53,556:12:24,19:10:11,13:02:23,57:52:48,39:55:07,47:17:24,76:12:19,2:38:37,17:13:31,150:55:06,10:16:35,29:31:29,58:07:01,0:27:37,21:19:45,14:14:17,58:27:38,0:12:43,2:04:15,2:22:32,3:27:03,71:28:20,29:03:20,4:21:57,444:12:01,0:00:00,12:22:03,2:19:46,37:34:34,11:52:59,30:20:02,8:16:01,58:00:21,29:57:11,1:38:15,3:10:18,1:32:53,7:06:48,8:28:42,0:03:04,0:53:10,2:42:03,10:16:35,2:04:15,0:07:25,0:21:38,0:10:50,0:06:47,2190:54:57
153,TriKshoOotZ,100:23:32,175:02:03,245:36:30,100:01:05,19:22:47,59:46:17,141:28:15,12:06:51,40:36:57,29:45:08,6:01:37,200:28:56,14:42:49,20:44:02,64:52:26,3:21:07,27:23:21,22:57:35,80:50:55,13:49:59,7:12:05,40:10:26,29:35:05,29:41:16,63:38:45,46:17:34,257:39:32,0:00:00,27:52:06,77:38:10,107:17:34,40:04:51,66:54:17,9:32:07,62:55:46,45:46:39,12:56:20,10:03:29,11:49:01,30:32:33,23:13:03,4:33:27,19:05:05,12:14:53,14:42:49,7:12:05,0:33:50,0:26:52,1:41:50,2:56:04,2443:39:46
154,AjoneI,70:13:40,162:34:21,132:12:54,69:22:51,27:05:23,45:56:02,98:12:56,15:02:45,65:55:11,7:18:42,32:00:09,112:42:57,17:44:01,10:47:11,46:59:40,1:35:45,10:20:19,15:20:19,62:33:03,17:04:04,1:34:07,11:35:05,51:17:17,22:42:52,61:14:23,26:32:40,182:17:24,0:00:00,24:12:17,42:11:28,52:55:06,11:56:34,66:46:35,8:24:33,69:51:26,27:39:55,24:18:19,21:10:55,11:29:30,23:07:37,19:31:01,5:19:02,14:24:18,12:27:40,17:44:01,1:34:07,0:38:59,4:45:58,5:02:43,1:20:18,1845:08:23
155,Kobe QO,43:54:05,74:04:53,179:38:30,21:33:40,38:08:04,34:36:42,59:57:55,10:49:47,68:32:08,13:49:39,15:45:44,92:13:56,7:00:53,14:28:32,48:02:00,3:33:00,8:17:25,6:27:25,43:06:14,8:38:57,0:59:08,19:04:03,8:12:23,26:45:41,26:10:58,53:34:08,130:14:15,0:00:00,21:43:00,24:32:24,55:24:12,8:36:22,53:49:29,6:27:47,32:22:26,12:01:19,3:41:41,5:28:08,4:09:54,7:56:03,26:08:15,3:40:33,6:44:51,5:56:42,7:00:53,0:59:08,0:17:26,0:17:01,0:21:59,0:45:36,1346:05:14
156,iGoDz7 sz,76:28:53,202:20:32,249:12:38,59:41:11,16:24:01,60:35:59,51:24:41,12:59:02,97:50:09,11:28:17,29:54:09,146:03:34,12:24:31,35:54:19,147:20:33,6:47:53,31:54:27,26:12:35,84:27:41,11:54:13,5:03:53,25:11:49,22:01:38,41:01:10,27:56:54,52:13:58,212:57:00,0:00:00,19:34:50,15:32:56,22:43:29,13:39:37,42:36:07,5:30:58,23:02:14,33:52:19,4:03:51,9:11:50,14:05:11,16:31:23,5:12:21,2:50:00,17:44:38,12:17:25,12:24:31,5:03:53,1:01:06,0:47:23,1:26:55,2:18:27,2039:17:04
157,CiboI,13:34:22,116:59:53,207:03:46,14:48:41,2:46:29,21:08:46,11:11:28,1:48:23,32:52:07,8:50:03,8:53:16,60:05:44,7:54:55,1:52:30,21:46:59,1:49:16,2:05:40,1:54:58,73:12:07,0:57:04,1:12:06,6:00:54,9:51:06,8:29:07,21:26:25,16:05:31,216:59:07,0:00:00,8:43:15,20:30:28,15:39:59,5:04:52,55:00:18,1:21:36,62:17:51,19:37:20,2:48:52,9:21:31,4:25:17,10:58:27,1:35:31,0:11:21,2:53:20,7:26:19,7:54:55,1:12:06,1:38:18,0:24:48,0:15:17,2:17:54,1133:20:18
158,I GLOCK17 l,80:29:38,179:59:32,203:18:02,68:26:09,4:48:06,145:03:20,144:18:54,10:44:28,52:18:16,26:15:56,41:51:09,134:09:35,34:24:50,31:48:37,89:53:35,1:51:48,33:17:35,13:26:51,27:44:39,2:50:13,4:33:51,74:50:03,56:01:09,21:49:35,35:40:43,15:21:46,175:18:20,0:00:00,119:01:07,30:07:28,69:54:29,10:04:36,113:44:50,22:06:18,56:40:13,70:01:38,58:14:35,8:19:21,12:18:59,72:10:12,42:52:26,1:35:18,12:01:31,18:07:18,34:24:50,4:33:51,0:36:28,4:42:30,0:46:40,0:53:04,2473:54:22
159,Stochaj,43:39:18,87:47:50,105:53:35,117:16:21,16:29:28,56:47:09,83:12:45,14:27:53,50:34:16,46:31:28,19:23:13,83:06:20,20:24:04,18:02:02,94:12:16,8:43:41,16:42:21,13:07:58,66:34:46,16:26:19,8:26:53,25:48:08,65:45:17,21:26:22,48:51:40,47:37:55,136:14:29,0:00:00,41:48:34,66:55:54,96:44:50,15:50:20,55:55:54,20:37:44,46:53:19,39:18:34,5:11:31,24:45:42,6:51:33,27:47:47,17:25:52,3:32:45,15:14:59,17:41:33,20:24:04,8:26:53,1:01:04,1:08:15,1:15:18,2:55:48,1871:22:00
160,oP Azk,33:26:46,71:10:09,310:11:37,92:41:23,12:23:20,37:12:07,52:41:22,11:54:12,103:33:59,16:32:26,15:15:25,146:21:56,10:20:50,11:25:17,83:26:37,2:23:32,12:43:45,5:42:43,90:37:16,3:06:01,1:32:11,6:57:06,16:01:21,43:30:46,27:32:26,41:32:40,283:34:01,0:00:00,16:16:13,25:37:57,44:22:31,9:19:07,48:27:34,11:16:40,32:15:00,27:17:09,5:00:41,15:38:35,2:41:59,11:30:07,9:19:09,1:42:55,16:05:51,7:06:25,10:20:50,1:32:11,0:22:55,0:38:12,1:38:53,1:16:43,1843:38:51
161,Novoux,24:49:31,49:21:24,97:45:19,29:03:08,4:17:50,15:38:09,21:55:45,7:22:06,10:28:17,7:21:10,6:01:58,53:17:43,8:42:28,9:22:21,25:29:34,1:14:21,1:00:56,2:18:53,10:48:19,2:29:29,3:10:14,4:53:18,15:06:50,10:15:15,26:33:04,2:28:30,64:33:30,0:00:00,21:36:03,17:24:44,55:24:09,2:19:27,17:43:19,5:45:28,36:44:16,26:04:57,2:41:31,4:42:18,5:44:10,5:36:35,12:10:22,1:45:20,17:41:38,7:26:28,8:42:28,3:10:14,0:11:28,1:31:04,0:36:48,0:51:05,771:43:14
162,iSxndy,30:33:35,148:04:38,144:22:38,84:42:22,3:57:13,44:10:29,78:51:31,4:31:38,31:44:55,33:22:50,55:50:38,79:10:48,14:16:36,7:34:07,40:55:53,2:04:21,11:49:53,5:37:27,55:10:38,2:31:55,7:30:24,11:52:41,27:01:24,13:55:45,12:27:57,28:51:39,187:36:38,0:00:00,35:05:28,38:43:45,57:23:10,10:46:06,36:08:07,7:27:21,109:58:33,34:40:16,6:40:26,11:24:29,5:18:29,31:09:48,6:52:18,3:28:44,12:04:36,22:17:12,14:16:36,7:30:24,4:15:55,3:33:45,0:49:27,3:24:38,1632:00:06
163,Cervus,43:27:05,67:19:32,51:35:51,46:11:00,2:21:11,16:41:00,29:04:48,1:15:51,14:31:15,7:23:46,13:10:43,53:48:35,4:56:30,2:48:12,29:06:19,2:38:00,1:53:56,1:49:56,30:05:24,9:13:58,3:22:17,8:18:36,26:16:42,5:17:42,25:01:38,14:55:26,86:46:23,0:00:00,16:47:25,7:30:34,22:20:35,6:00:05,24:45:17,6:31:32,13:20:56,12:24:41,1:55:25,8:57:45,1:26:09,14:07:03,2:39:09,1:04:51,4:52:18,4:44:46,4:56:30,3:22:17,0:22:05,0:09:05,1:05:14,1:41:02,760:26:20
164,BIuIy,4:57:37,5:55:48,18:43:30,4:28:28,0:00:00,7:06:43,4:41:15,5:07:56,7:51:19,2:09:42,0:00:00,2:59:20,2:18:51,0:00:00,11:58:33,0:00:00,0:00:00,0:00:00,3:49:06,0:00:00,3:06:13,0:00:00,2:47:59,0:00:00,9:24:18,9:37:39,27:57:29,0:00:00,0:42:11,0:54:38,2:04:14,0:07:02,2:21:26,0:14:41,1:36:05,12:42:07,1:10:40,1:33:55,0:15:26,4:39:42,8:04:52,1:02:20,6:58:45,2:31:40,9:56:55,1:31:41,0:10:37,0:03:30,1:38:38,1:54:27,197:17:18
165,Britishdanster2,23:03:22,89:15:23,62:26:48,81:29:22,4:54:57,39:05:03,132:16:27,6:52:42,14:09:25,21:42:24,27:42:59,128:02:55,13:25:40,16:02:48,63:05:51,0:33:16,9:30:17,5:45:17,27:23:51,19:47:56,7:00:24,28:01:48,48:02:05,28:42:14,19:00:57,31:42:26,149:56:53,0:00:00,50:17:53,60:05:48,37:10:38,7:50:22,32:55:42,6:32:58,20:20:18,15:07:24,3:38:20,14:50:47,10:05:29,10:49:29,19:11:36,3:16:01,35:29:14,13:08:36,13:25:40,7:00:24,1:55:06,0:40:31,1:22:07,4:27:55,1468:45:48
166,Keiga,24:01:51,18:07:14,104:36:38,47:15:40,9:20:26,10:45:06,37:58:20,22:25:04,31:06:54,9:06:22,46:08:21,58:13:05,14:37:35,57:19:14,35:16:03,6:49:07,7:21:17,21:08:04,61:26:22,4:19:54,0:49:14,2:31:17,11:19:45,18:09:21,19:15:01,12:42:02,110:39:00,0:00:00,10:27:42,6:44:47,18:13:18,2:45:26,15:07:03,1:41:14,19:53:48,31:08:51,63:40:14,3:24:15,6:50:49,3:23:05,3:16:45,0:16:47,2:27:55,3:32:34,14:37:35,0:49:14,0:17:17,0:45:30,0:31:26,0:18:48,1013:02:40
167,Wulxs,40:43:04,43:35:52,56:58:18,43:52:27,4:25:17,40:52:58,50:01:26,16:07:27,11:36:22,8:12:18,14:45:05,63:25:27,6:05:18,13:05:39,43:56:08,3:11:14,4:43:25,11:51:14,30:17:20,3:06:01,1:13:13,13:22:53,22:04:00,4:57:19,30:43:58,4:29:09,73:50:54,0:00:00,20:01:13,15:20:54,42:24:15,7:05:48,10:43:57,0:47:45,24:21:56,33:51:13,9:56:03,10:34:28,8:04:25,11:30:39,5:17:18,0:02:31,10:28:40,18:34:24,6:05:18,1:13:13,0:19:03,3:18:35,0:31:47,1:10:57,903:18:08
168,Silent Endz,93:50:34,82:27:03,37:09:00,64:51:21,1:34:07,12:15:05,26:55:26,18:40:02,8:57:20,6:35:48,39:59:09,54:21:16,35:35:37,14:07:07,7:25:35,3:49:46,6:32:18,8:07:30,14:13:01,2:43:36,14:39:17,8:59:41,50:48:39,10:13:37,63:06:33,70:11:22,88:00:01,0:00:00,30:13:37,6:56:49,69:34:44,4:11:38,20:56:46,2:02:58,25:39:38,46:55:40,6:30:25,8:37:38,4:10:27,34:39:48,4:40:48,3:04:48,23:43:41,10:30:51,35:35:37,14:39:17,1:32:20,2:31:01,0:38:42,1:50:55,1205:27:59
169,EnxeI Vortex,64:42:45,184:00:43,414:13:45,80:39:01,14:28:38,79:40:47,127:32:40,24:27:20,152:38:31,14:40:57,25:03:41,230:53:01,23:16:26,29:12:48,142:15:18,5:21:37,12:09:06,20:45:53,110:21:54,10:17:48,3:50:08,20:43:40,58:35:10,52:46:57,58:21:00,70:55:33,350:57:21,0:00:00,34:07:18,31:22:49,96:37:21,10:21:42,96:59:10,27:41:39,113:16:11,38:16:07,9:14:40,14:15:56,15:15:21,8:15:15,17:41:05,2:15:46,36:31:04,6:07:45,23:16:26,3:50:08,0:29:49,4:19:34,1:56:50,1:22:14,2976:26:38
170,Ajlznn530,34:42:04,72:36:23,215:06:06,84:38:40,9:38:39,57:47:52,68:07:38,22:45:34,110:24:18,32:52:00,12:50:48,142:11:39,11:52:30,11:29:51,62:52:30,0:45:49,7:55:19,7:03:44,111:01:32,13:51:46,1:04:13,17:02:43,46:03:20,16:13:12,25:53:27,55:22:39,196:54:29,0:00:00,20:30:36,43:18:14,51:53:51,11:26:27,63:36:57,8:23:52,36:04:23,18:37:20,6:44:01,12:14:38,2:26:32,9:14:36,6:26:23,0:23:20,14:47:34,2:03:30,11:52:30,1:04:13,0:09:14,0:32:23,0:53:33,0:52:01,1772:44:53
171,imDvme,42:11:04,105:11:23,168:06:20,47:18:21,16:26:37,45:46:39,64:48:31,6:19:18,49:53:22,14:01:38,10:00:37,137:33:57,9:01:24,11:02:07,41:24:17,1:25:17,7:08:50,5:43:22,42:18:04,12:09:42,1:37:33,7:50:27,21:17:24,20:41:13,30:00:39,21:40:02,143:26:28,0:00:00,18:24:34,25:26:03,28:40:59,7:25:27,53:52:55,11:06:00,40:58:07,26:10:58,2:22:48,7:51:15,6:37:47,5:03:03,12:23:11,0:42:29,7:49:11,2:57:55,9:01:24,1:37:33,1:06:43,0:38:53,0:40:16,0:32:23,1355:54:30
172,Oxzygn,42:47:35,59:41:33,129:16:27,68:39:48,8:32:08,51:37:46,35:23:28,10:11:14,28:50:32,11:49:58,10:39:49,65:44:36,9:09:04,13:45:35,68:20:40,5:20:22,6:18:47,11:59:58,48:43:54,9:49:45,10:44:13,21:10:11,21:57:03,14:55:02,30:15:21,36:30:48,119:33:33,0:00:00,15:58:04,39:09:42,64:33:29,17:23:51,63:22:37,8:22:42,27:35:12,20:04:11,17:04:55,17:33:54,6:47:48,13:54:49,14:55:30,3:19:12,17:09:13,9:30:42,9:09:04,10:44:13,1:51:10,7:04:26,1:25:34,1:06:54,1339:56:22
173,TurthI,59:27:51,228:51:49,231:24:01,96:22:14,10:16:34,63:48:10,155:22:20,4:50:21,122:03:34,23:40:02,4:13:17,184:56:44,16:58:04,14:29:37,60:35:17,2:01:16,7:19:02,5:34:28,74:56:00,4:46:46,3:15:12,12:14:32,65:16:26,19:48:31,45:04:10,23:59:50,292:38:52,0:00:00,40:43:19,38:27:01,65:45:21,12:07:05,107:03:16,5:19:28,80:03:02,61:43:31,11:24:23,15:01:21,11:29:02,20:45:44,8:52:11,2:14:53,16:04:16,9:23:49,16:58:04,3:15:12,0:20:00,0:34:50,0:15:33,0:21:01,2362:27:22
174,Vrblz,60:03:23,73:10:08,183:25:52,56:36:46,7:01:12,41:20:42,54:43:23,9:47:00,27:43:27,20:00:04,22:01:17,85:28:31,23:12:53,13:23:22,48:16:09,3:33:13,10:16:21,7:01:14,41:24:07,2:31:20,5:01:19,14:43:03,32:10:41,30:30:55,50:13:11,37:06:17,178:34:07,0:00:00,26:37:53,24:46:43,33:25:09,12:46:14,47:27:50,8:16:16,41:12:44,35:18:39,9:15:31,10:06:06,10:24:57,19:04:25,9:17:36,1:50:24,10:55:06,10:04:24,23:12:53,5:01:19,1:37:16,1:18:59,1:10:48,2:52:30,1485:23:39
175,Lerm,56:13:20,140:02:57,179:22:19,131:04:28,22:56:01,74:42:48,100:28:29,15:52:44,98:03:10,42:14:53,34:55:36,173:33:17,9:36:05,20:04:50,116:38:58,6:43:53,16:26:30,11:51:50,115:52:47,18:54:27,6:37:25,27:44:08,75:19:35,47:44:36,53:25:48,44:27:37,241:23:48,0:00:00,21:20:19,65:04:39,29:37:05,15:31:17,48:38:50,11:54:46,34:27:49,36:16:02,5:03:58,13:12:26,5:24:33,15:34:03,8:48:32,1:54:54,21:20:53,13:54:29,9:36:05,6:37:25,1:44:51,0:55:20,2:29:53,2:34:35,2254:25:03
176,yStompn,70:16:12,52:29:45,75:33:36,74:18:04,9:38:33,25:18:14,42:24:30,8:32:46,24:19:53,14:50:43,15:24:10,92:36:34,36:54:52,11:23:38,45:14:24,3:36:38,4:59:00,3:59:38,45:33:45,9:57:03,7:59:27,19:06:58,50:08:56,14:01:20,55:14:08,16:10:18,110:30:39,0:00:00,40:35:10,21:12:01,39:32:51,9:44:39,25:58:04,7:58:34,34:39:41,54:31:30,10:26:58,7:14:56,9:14:00,30:48:16,25:14:26,2:54:55,29:38:05,12:09:09,36:54:52,7:59:27,1:05:47,3:06:50,2:20:38,1:11:39,1355:06:12
177,i want hug,10:41:51,18:49:00,34:30:19,3:44:29,0:30:12,10:16:09,13:17:10,1:05:56,0:41:38,1:06:23,0:18:28,11:13:51,7:41:22,0:03:50,11:40:07,0:00:00,0:04:42,1:02:54,2:11:20,0:03:22,0:18:57,2:24:44,1:09:01,0:49:42,25:51:55,3:48:40,51:09:41,0:00:00,1:07:56,0:51:09,4:59:44,0:33:49,13:35:42,0:30:27,15:16:47,12:58:33,0:45:42,0:48:59,2:03:17,1:10:21,2:37:09,0:09:10,4:10:53,0:19:44,7:41:22,0:18:57,0:46:58,0:38:48,1:12:59,1:01:56,288:16:05
178,Ex Stars,29:09:43,64:35:47,15:43:48,22:10:33,8:22:17,7:29:57,28:47:27,7:41:04,14:55:00,3:29:44,1:56:59,9:28:49,38:57:04,8:40:38,44:10:13,0:03:24,2:14:55,2:27:50,22:38:30,39:43:20,16:09:49,7:37:10,12:00:34,23:38:53,9:37:44,45:50:45,83:51:47,0:00:00,77:27:01,4:20:49,85:32:03,0:28:35,40:42:38,4:38:11,25:51:38,9:02:22,7:30:49,8:17:19,1:12:29,23:03:41,14:47:25,9:25:13,33:09:05,10:23:24,38:57:04,16:09:49,0:10:59,0:26:21,0:15:14,0:21:30,983:47:23
179,Mussaxy ll,70:40:40,208:51:51,450:31:26,21:28:57,16:13:30,93:24:51,48:31:33,8:36:33,104:59:50,6:00:34,8:11:17,161:50:13,25:58:00,17:28:24,72:35:12,7:45:02,7:11:52,7:50:05,124:54:30,3:38:40,2:23:17,11:24:55,16:15:16,11:52:24,51:25:06,33:12:58,327:13:37,0:00:00,23:24:46,25:35:06,48:16:48,22:35:47,97:36:21,10:28:29,84:36:43,34:55:19,8:44:30,10:43:19,9:07:42,22:42:31,6:40:59,2:31:38,13:18:12,6:32:03,25:58:00,2:23:17,2:02:22,2:47:18,1:48:28,3:52:20,2387:12:31
180,lI GC Il,52:57:01,104:13:40,123:23:28,44:27:26,13:22:22,99:19:59,51:56:16,17:11:49,75:58:58,19:36:55,20:04:50,54:34:16,25:17:13,6:34:49,92:50:44,4:34:40,21:27:24,16:54:10,77:30:16,18:45:46,3:27:35,46:41:59,20:45:05,43:37:33,43:50:43,56:08:26,179:56:36,0:00:00,37:36:48,29:22:36,47:59:53,40:09:13,24:21:54,15:35:30,53:46:37,66:50:55,10:14:33,27:30:09,12:14:34,35:44:43,15:02:02,5:53:58,21:15:44,9:47:55,25:17:13,3:27:35,0:46:24,2:46:35,1:00:48,5:36:45,1827:52:23
181,SkysAgain,78:23:46,139:55:34,349:24:54,74:16:21,11:01:31,76:17:40,125:00:02,14:17:23,85:38:05,15:55:37,20:03:46,196:22:23,29:40:30,8:16:10,80:09:26,6:17:17,11:54:56,8:12:16,91:30:25,21:15:51,2:59:34,28:50:22,34:34:12,21:32:23,75:58:22,39:23:31,288:54:27,0:00:00,39:57:05,36:46:02,66:35:52,27:20:52,76:50:55,18:00:56,107:29:34,57:51:47,6:45:34,23:29:55,23:46:57,23:53:00,21:06:08,4:28:07,28:45:08,9:20:01,29:40:30,2:59:34,1:17:59,2:50:18,0:59:25,2:14:46,2548:37:09
182,I3xcKs,44:29:42,105:00:46,434:06:50,44:30:09,20:26:45,61:57:22,100:14:16,10:23:59,66:00:47,9:11:22,18:35:36,149:19:24,16:31:30,15:43:46,72:07:51,2:51:44,16:29:08,15:29:38,74:29:27,11:03:29,3:17:02,37:16:09,15:31:23,15:28:32,45:48:30,51:05:58,294:42:21,0:00:00,41:18:46,37:20:05,69:14:42,33:06:41,176:41:36,18:05:41,107:32:48,64:23:34,9:13:51,20:26:25,16:43:44,12:54:42,26:03:05,4:16:10,16:03:04,10:10:14,16:31:30,3:17:02,2:07:04,3:06:46,1:38:21,3:10:26,2445:39:43
183,Kixhro,39:48:20,94:44:36,99:51:24,47:22:38,4:44:28,44:31:23,28:02:57,3:32:28,10:20:30,17:01:42,3:56:15,81:15:05,29:17:13,8:14:12,26:54:06,3:38:18,4:55:01,2:13:19,29:25:08,5:17:44,2:49:09,12:48:02,18:28:59,6:20:47,25:23:57,34:36:42,130:01:02,0:00:00,19:19:02,22:22:44,26:56:59,3:31:53,43:47:46,7:39:42,37:11:10,62:08:04,10:44:46,12:30:28,7:03:37,25:43:29,11:53:23,3:34:50,22:17:36,8:38:14,29:17:13,2:49:09,4:40:37,2:21:21,1:11:50,2:49:12,1184:08:30
184,CIvssified,9:32:57,84:05:22,136:54:59,90:01:23,3:33:43,16:17:04,83:19:57,5:28:02,75:06:36,10:46:55,16:58:49,100:19:51,12:36:05,16:04:28,41:44:10,2:33:24,4:52:56,6:50:50,63:51:19,2:08:33,0:17:32,3:02:03,46:35:41,17:27:08,22:08:21,28:20:54,211:29:48,0:00:00,7:09:34,5:44:15,26:38:48,2:51:03,23:40:19,5:50:54,9:15:54,10:17:26,0:51:44,3:06:21,6:10:55,0:59:28,4:00:28,0:08:38,8:56:57,1:00:10,12:36:05,0:17:32,0:12:13,1:12:37,0:00:00,0:54:43,1244:24:54
185,Zenox GOAT,56:23:08,77:55:08,337:43:54,87:51:21,35:48:57,22:53:03,148:57:28,15:25:34,98:40:53,27:06:27,11:04:12,128:56:59,8:22:33,38:32:51,96:14:56,1:55:21,30:06:13,15:14:21,95:49:46,24:37:52,2:21:12,18:28:05,28:33:48,12:22:37,24:59:14,49:32:10,285:45:24,0:00:00,55:04:48,80:01:29,53:06:27,16:04:27,76:42:06,7:00:41,49:55:52,24:40:41,11:39:22,12:40:03,12:20:31,6:30:51,11:36:53,4:45:41,6:48:01,6:42:31,8:22:33,2:21:12,0:53:54,1:23:53,0:54:00,1:20:28,2232:39:51