doc,twitch,ash,thermite,blitz,buck,hibana,kapkan,pulse,castle,rook,bandit,smoke,frost,valkyrie,tachanka,glaz,fuze,sledge,montagne,mute,echo,thatcher,capitao,iq,blackbeard,jager,caveira,jackal,mira,lesion,ying,ela,dokkaebi,vigil,zofia,finka,lion,alibi,maestro,maverick,clash,nomad,kaid,mozzie,gridlock,warden,nakk,amaru,goyo
0.04367037748,0.05467289179,0.08029301601,0.0192462447,0.01175432371,0.04150124426,0.02302406795,0.01454952222,0.03230978644,0.007558870716,0.01706402499,0.05226175333,0.005943352945,0.00916016404,0.03848585132,0.002122856352,0.004322904033,0.00594714613,0.04188928715,0.01181235945,0.0001670898281,0.0173318239,0.01149126628,0.02162381347,0.02127142652,0.08593310376,0.08509424075,0,0.0139198534,0.02163102052,0.04353894359,0.003510593324,0.04953805637,0.008868278404,0.03587670857,0.01567097756,0.002720472752,0.005049868064,0.002992823482,0.01611136641,0.004229402006,0.001437996682,0.005979577868,0.00124018205,0.005943352945,0.0001670898281,0.0001716416509,0.000296437459,0.0004415268103,0.0001610207311
0.0296775716,0.08790283067,0.1885893994,0.0090522996,0.006836893333,0.03887150175,0.02040463265,0.003627732153,0.04403551579,0.002502178887,0.003450284279,0.06809515326,0.01063914711,0.00736291625,0.03053344155,0.003240530593,0.003033000857,0.003301396618,0.05253639262,0.001535696636,0.0009794748058,0.004810171743,0.00680669442,0.005003187273,0.0214908571,0.01378849571,0.1367325994,0,0.009845898929,0.01078101177,0.0201502829,0.009521670295,0.04101925309,0.004413840279,0.03551614506,0.01438006666,0.003683565026,0.004429876135,0.003794294372,0.009568958514,0.00277502255,0.001064921341,0.005518909786,0.002733352732,0.01063914711,0.0009794748058,0.0008385465474,0.001155049879,0.0007617617156,0.001588954408
0.03292088802,0.08161242751,0.05911374256,0.01508661023,0.02712137227,0.02987378695,0.02937214454,0.03957734961,0.03577837831,0.003577043602,0.01039518102,0.08212128189,0.005857485354,0.01403914071,0.03878960214,0.001526837002,0.005153999199,0.01387764745,0.042452459,0.01337810473,0.001584258854,0.006396100499,0.01204124368,0.01337609633,0.01640776928,0.02639460698,0.08249000504,0,0.01520163651,0.01972509083,0.02003986117,0.007173258251,0.03620516234,0.01990922418,0.02030077,0.02078625396,0.0289533028,0.01559619493,0.006029111875,0.008263543113,0.008611908434,0.002845713783,0.01004544634,0.008733325068,0.005857485354,0.001584258854,0.0006815763859,0.0007609080065,0.001151540923,0.001228864148
0.03660387244,0.06568016167,0.08789470125,0.06014343077,0.008461476003,0.02033289133,0.04576527294,0.006050499241,0.04338371903,0.0105582789,0.01096001406,0.08324518264,0.005487362742,0.009014852036,0.04814597811,0.003779705415,0.009616323122,0.009059693601,0.0428525516,0.007404092097,0.00129630316,0.00656539923,0.02810476913,0.01249919724,0.02336952816,0.02792738326,0.09607170916,0,0.01351555889,0.0164229049,0.01620690153,0.005748632049,0.02236278552,0.005604771256,0.03973528482,0.01133869188,0.006614625932,0.008267115403,0.002238683305,0.01172458396,0.005174886347,0.001393342004,0.006991889194,0.004993539703,0.005487362742,0.00129630316,0.001479205821,0.0006854959746,0.001768766336,0.0006743209473
0.02032327192,0.05612747155,0.1217288481,0.03508701416,0.003743938249,0.02129327486,0.04534192258,0.006156135955,0.03497349175,0.004583237005,0.01210563045,0.08223133504,0.01657350415,0.01640889666,0.04358600711,0.002264004945,0.007735017842,0.003543126318,0.04978340999,0.006325038885,0.001511535487,0.00885842943,0.02076048659,0.02202672164,0.01883735568,0.02780317117,0.1244242381,0,0.006422760199,0.0115837342,0.02656010083,0.006787565983,0.02787113121,0.002063960057,0.01965778517,0.01586859137,0.005339081453,0.009330161047,0.002985332445,0.009577916026,0.004902020193,0.000653674283,0.009940267272,0.004854156692,0.01657350415,0.001511535487,0.0003424081201,0.0009459177727,0.0006478447541,0.001444035679
0.03887111399,0.09654782801,0.1418937288,0.003401021131,0.001004159641,0.0114814419,0.04644827635,0.002937441954,0.01336679484,0.002545363973,0.008631215693,0.04403452172,0.003157838495,0.01740936241,0.05238326841,0.001484631957,0.001279164237,0.001531382739,0.007900489194,0.001043446012,0.005163014868,0.002996371511,0.004509289655,0.003580559847,0.1024215333,0.002511970557,0.1244061865,0,0.004174962639,0.01910299786,0.01895881688,0.01506946616,0.04750704405,0.002502934692,0.0405922499,0.03387388761,0.01869599106,0.000458079085,0.02862719277,0.002972406825,0.0007409409557,0.001461452999,0.007253835528,0.002718224005,0.003157838495,0.005163014868,0.0009224439894,0.000869014525,0.00210024939,0.0001355379797
0.03677149479,0.0336394711,0.1242139186,0.0313867104,0.002981379221,0.04321985503,0.02752261502,0.006283471453,0.03196382116,0.004974720649,0.004009128451,0.07273926464,0.03248956604,0.002988285558,0.03106513409,0.001455942104,0.001826726055,0.001020411246,0.04449666402,0.006539869203,0.003935316977,0.0008909174334,0.0159389618,0.004667820313,0.02065469482,0.05296555939,0.1292762634,0,0.01247802382,0.004340632612,0.02212401795,0.001244867189,0.01540976375,0.00147493453,0.05798085477,0.02806217257,0.003036198269,0.002192330254,0.003538634263,0.006791950492,0.007403161289,0.002062836441,0.01521681797,0.004963929498,0.03248956604,0.003935316977,0.002125425117,0.001975212294,0.0007618552665,0.0004735157095
0.05266047742,0.04292562475,0.06527094683,0.006668254717,0.01066588613,0.0443636926,0.04015380216,0.01399093151,0.0124864354,0.001971050776,0.01699265812,0.06384637221,0.01510308575,0.01590074374,0.02751530834,0.007554137728,0.007343435617,0.005016889902,0.01800153719,0.00708446923,0.003079053252,0.017686003,0.01775554507,0.0157507612,0.04035671971,0.01049722065,0.07230248104,0,0.01695996297,0.01312113659,0.03014285707,0.01127100599,0.03687442621,0.007985402392,0.03623972503,0.03941530683,0.01065498775,0.01404646137,0.01783702347,0.01905971848,0.01503717647,0.005657299764,0.01964200362,0.005575302391,0.01510308575,0.003079053252,0.006559789838,0.01190103644,0.006814604459,0.00407910982
0.01406909828,0.07483972636,0.06641074087,0.03443561942,0.0122335354,0.02165843674,0.05166835526,0.008528212687,0.02414262031,0.01565533183,0.01010519624,0.03445986561,0.007321228831,0.02054002857,0.04445602406,0.004358007781,0.007602652842,0.009111382662,0.05613974552,0.002597566047,0.003946803574,0.009644939042,0.03043695983,0.02260459884,0.02026533183,0.02277936764,0.137691883,0,0.007068395705,0.01509360502,0.05131054873,0.00655628249,0.03259515124,0.004396549416,0.02725776547,0.02284958349,0.004352121423,0.00765254674,0.0035239668,0.01251299729,0.008050716867,0.000126837017,0.01022488553,0.005088757181,0.007321228831,0.003946803574,0.0002214392119,0.0006197494906,0.0006467987108,0.0008800106403
0.03627217752,0.07408862481,0.1310933714,0.0297424403,0.004552787728,0.0203896959,0.02300279714,0.005268424944,0.0189483685,0.008660966232,0.006298921089,0.06876363517,0.009269907958,0.004343954092,0.03279760402,0.004234309731,0.004606805671,0.001542661307,0.02877293216,0.007367886588,0.001767981809,0.01498200385,0.01142285139,0.01140100294,0.00742498744,0.04166579541,0.08963587349,0,0.01270426959,0.02198637515,0.0263230911,0.006949146999,0.05374570872,0.005491198694,0.05250262583,0.02744004276,0.008511244043,0.008704797169,0.008961214849,0.01804266318,0.01404010785,0.008016638063,0.006535366874,0.005979772894,0.009269907958,0.001767981809,0.001290532893,0.001371894907,0.00115394658,0.0008927034761
0.01950560254,0.04119104598,0.1214544407,0.04792632305,0.005485387861,0.03239236947,0.03867531019,0.01269196053,0.06266572566,0.01869383023,0.007282567703,0.0805395679,0.006422765268,0.00653952271,0.03525332178,0.0004343250448,0.004473437366,0.003979548646,0.06302263372,0.0077078871,0.0005335451715,0.009605077037,0.02606345253,0.009188605295,0.01450557173,0.03104215418,0.1112543589,0,0.01160685889,0.02463029048,0.02909014038,0.006477589128,0.03610901638,0.004776469536,0.01997057839,0.0102616994,0.003829928487,0.006964052137,0.001389081773,0.005067810163,0.003566394775,0.0002211913651,0.008099237822,0.001170734297,0.006422765268,0.0005335451715,0.00006319753289,0.0002696954716,0.0004752454474,0.0004741394905
0.02225636101,0.0680968578,0.1224802382,0.02812703048,0.005234147943,0.01808841931,0.03110067742,0.002771711454,0.02547621891,0.008738447322,0.008410710618,0.07145869137,0.006838848791,0.002848009081,0.02596896761,0.0006172429044,0.00863600918,0.001737363961,0.02916252163,0.001517620259,0.003461330908,0.01508226012,0.03943607068,0.02176933054,0.02897202262,0.03003561482,0.1796838533,0,0.008493706753,0.02151004931,0.01823611322,0.003607717791,0.03392810084,0.004199963828,0.02816346383,0.01761609289,0.00462311341,0.008919797143,0.001389041602,0.01245971297,0.004505644472,0.001764321367,0.007660151089,0.003510344374,0.006838848791,0.003461330908,0.0003801811113,0.0002823175592,0.0001676260508,0.0002757824305
0.02387498008,0.05658414303,0.1298892358,0.02820763745,0.01198638788,0.0379790831,0.03740408672,0.003621283135,0.0647988991,0.008583682969,0.0138893424,0.08958401258,0.01016831417,0.004596397058,0.04086023811,0.00168746287,0.005520907401,0.002558526736,0.04669029033,0.003826946479,0.001091753956,0.006489117144,0.01730479974,0.01810755283,0.01991482353,0.03337293896,0.09312147085,0,0.004560982674,0.01582535576,0.02268900437,0.0054582012,0.02908536182,0.002916650625,0.03763135609,0.01521453887,0.002362204341,0.009063076753,0.004579339671,0.005542594649,0.003982737275,0.00214825598,0.008561752044,0.005961881452,0.01016831417,0.001091753956,0.0003149118434,0.0002498500981,0.0007082064386,0.0001693554793
0.02269627471,0.05064188326,0.07597869541,0.03348600775,0.03011574372,0.02804654507,0.03313384087,0.001799399777,0.01718571209,0.01283020605,0.003738301442,0.04683343411,0.004079993779,0.0136192884,0.05853968979,0.0004553252743,0.000914618179,0.0005294406117,0.02381943155,0.02160549374,0.00134947048,0.02855821069,0.02594497055,0.0165232765,0.0229116377,0.01441265579,0.09472844743,0,0.03562313224,0.02574785867,0.04141714239,0.006992710669,0.04531795797,0.001998733532,0.0476936164,0.0168760782,0.01346296376,0.02274261664,0.005178551307,0.01413174755,0.01119824028,0.003386293265,0.01326109072,0.003196799233,0.004079993779,0.00134947048,0.0001723538682,0.001306620071,0.0000574512894,0.0003305829719
0.04159599495,0.05322065389,0.1336721101,0.01943789317,0.00588122974,0.02902724386,0.03267961059,0.005008928132,0.01477411901,0.00633360334,0.01696382354,0.04648632884,0.01568184971,0.006276357382,0.03738011913,0.004043205595,0.007840085746,0.005310634845,0.03874805513,0.004642703173,0.002988723851,0.01957830427,0.0104676193,0.009556345687,0.0323490012,0.01095542199,0.08360072976,0,0.01603558125,0.01885014313,0.02172083216,0.009993428835,0.05536858938,0.009482690463,0.03536905183,0.04396209907,0.004285055784,0.007531293214,0.003560996967,0.01482838146,0.00968519571,0.00105149824,0.01116874244,0.009622915091,0.01568184971,0.002988723851,0.001496040146,0.003862890149,0.004197415392,0.004755889807
0.03932812605,0.07198911893,0.05087337199,0.04254550544,0.002978882212,0.02131546645,0.02993780997,0.01281324621,0.03133759596,0.006820785991,0.009699662664,0.04967388864,0.002398675145,0.008196955516,0.02769453702,0,0.0008052924214,0.002203329047,0.03006668008,0.003059353142,0.003708951808,0.010416612,0.0231085687,0.006508523796,0.01601021631,0.06305218073,0.1294899717,0,0.0238762497,0.03651630848,0.03662535242,0.001352261496,0.02315900881,0.002850595222,0.02769395389,0.01982558801,0.01661578921,0.02357944026,0.003349748237,0.01269603856,0.007659899528,0.005311956056,0.01765549695,0.005835600223,0.02297911546,0.00716424525,0.0006956653576,0.002399258268,0.003916835043,0.00220828559
0.04079798584,0.05761704228,0.1110009339,0.04815785526,0.002806724397,0.03528356755,0.03615968104,0.005069587475,0.01753226959,0.008155339179,0.001444813076,0.05278390222,0.0253424536,0.003660257641,0.03493454148,0.0002832207816,0.0008861133109,0.0003593484632,0.02849820406,0.002100930467,0.00453250023,0.01515553756,0.02672952577,0.006971166641,0.03777481367,0.02071447119,0.1186582174,0,0.005700221448,0.00724374245,0.03946252566,0.004927654509,0.03470325526,0.005295067346,0.032370716,0.02549503154,0.008401463845,0.009867889441,0.005067006876,0.01307138099,0.008564041606,0.001906095214,0.01010369171,0.0117078568,0.0253424536,0.00453250023,0.0007828893358,0.0007941794581,0.0005341840709,0.0007151486022
0.02569968861,0.03648214254,0.1127395774,0.03651574378,0.007950121136,0.0413388927,0.02354932376,0.01258069154,0.07020246917,0.01368336069,0.01165574322,0.05030105108,0.01532536397,0.01127184338,0.04463821411,0.005769355169,0.0118452359,0.005706495713,0.05608674971,0.003339208597,0.003785282156,0.006536697693,0.03137441172,0.01393091266,0.02970555031,0.01961340749,0.09289553284,0,0.007428044781,0.0175372168,0.02647571716,0.005413913518,0.02473359591,0.004729088316,0.01722977691,0.0196937533,0.009099077703,0.0108055405,0.004066206779,0.009886649543,0.004630570405,0.001498683723,0.009457033733,0.00858865892,0.01532536397,0.003785282156,0.001039123954,0.001413194863,0.001900755662,0.0007396843632
0.03698701268,0.06746985782,0.1226667387,0.01301833993,0.001812882874,0.03607957075,0.04655767359,0.003957927511,0.001923936957,0.003984940666,0.001108539859,0.03942620056,0.0261907549,0.0002301120646,0.03645375298,0,0.0002821374009,0.003775838834,0.007496650869,0.0002020984219,0.0007573688386,0.008466123002,0.00414301765,0.002983452942,0.09139550961,0.012817242,0.1804238664,0,0.003317615679,0.002451193731,0.01779266503,0.002029988604,0.0484305857,0.001827890183,0.05288975731,0.04043369121,0.002210076307,0.00294043199,0.007400604094,0.004223056629,0.00943359416,0.0005502679805,0.01207688144,0.001184576889,0.0261907549,0.0007573688386,0.002819373035,0.002329134288,0.004381133612,0.003717810574
0.03352722772,0.05101099602,0.1465953223,0.03307384977,0.005105288102,0.04376798453,0.02662765649,0.01432082388,0.04076890157,0.008150185393,0.02325662471,0.06783112537,0.01361730638,0.007668466105,0.03353190947,0.001781491897,0.00501600032,0.005118915357,0.0369642221,0.00255230964,0.002403413067,0.009483566325,0.01744832073,0.009853592282,0.01231335363,0.02375172044,0.1367276011,0,0.01413572729,0.02328237437,0.03061743254,0.01023757991,0.01843767617,0.006396198815,0.01935839372,0.01012095401,0.004693878762,0.005362533894,0.00230200288,0.006225398311,0.006622845985,0.002185126177,0.004606263036,0.003756858669,0.01361730638,0.002403413067,0.0003954412066,0.0004306379821,0.0008777457142,0.001666036441
0.02427531766,0.0453279463,0.04874318901,0.1647583172,0.009041219622,0.01837727833,0.04170128581,0.01383200544,0.03888131064,0.01562116168,0.02291975654,0.07459917954,0.003210951358,0.02556352692,0.05547488236,0.001287790057,0.004083591213,0.009862996241,0.03322976237,0.002910662639,0.001679464919,0.009404109246,0.0381064847,0.01746607185,0.01093531622,0.02738775644,0.1204340814,0,0.01091491503,0.01039286819,0.02117182188,0.002680660205,0.01546591702,0.001223093139,0.0142338809,0.008287912743,0.001517513023,0.00389257461,0.002744378984,0.003991646133,0.004539404056,0.0006262885237,0.008634593205,0.004343496758,0.003210951358,0.001679464919,0.0004015959877,0.0005470592526,0.0002386659523,0.0001458824674
0.02209838489,0.07779388496,0.0525917105,0.02553738178,0.07290459338,0.02569582278,0.03375085322,0.0111666042,0.01251035259,0.02633623581,0.008224499066,0.03719163399,0.01240559016,0.008812855225,0.03974177197,0.003306178891,0.01011443917,0.01299524369,0.00910784416,0.0164413761,0.003405427504,0.01681501794,0.01470160629,0.01365965802,0.01322082346,0.02202443494,0.05380750602,0,0.01869376824,0.02644829593,0.02626763751,0.004485810286,0.04831753329,0.007857344065,0.06949657114,0.02146526955,0.006588680825,0.007619114959,0.007854587159,0.01138667017,0.01414454912,0.006027407213,0.02037742691,0.01890086053,0.01240559016,0.003405427504,0.002592302427,0.002609006033,0.001747229674,0.004947186602
0.04061409294,0.06096940924,0.07098518858,0.06662803215,0.00413665426,0.01653458456,0.04380885596,0.01169081231,0.04124901607,0.01597017736,0.004502945299,0.0645483721,0.00787119987,0.01215056492,0.03010330303,0.003777638674,0.001537638853,0.004688749157,0.03775959723,0.01292400147,0.007094125604,0.004958220715,0.01612408116,0.00469826321,0.02686292852,0.005318075777,0.09578356761,0,0.00777214179,0.01233860738,0.04398066856,0.003720274531,0.01398789645,0.002732491974,0.04743790751,0.04582807379,0.004347362551,0.003307812353,0.004331692346,0.01189984165,0.0112612808,0.003598830443,0.02673280986,0.01559493192,0.00787119987,0.007094125604,0.001817743765,0.003244571883,0.005178722884,0.002630915467
0.02162210209,0.05152528641,0.05023795244,0.0987638018,0.0109219048,0.01031565735,0.03504549602,0.01414075056,0.02104305723,0.0496001602,0.01145241922,0.04501863058,0.002991774345,0.02574923347,0.05449892569,0.01100772707,0.01713214177,0.02241110499,0.01666280126,0.04946963884,0.004965047861,0.02399409155,0.03502033681,0.01376004197,0.01679217321,0.02851546895,0.07883911595,0,0.01095178934,0.0279474073,0.01662295521,0.006263620453,0.01267244911,0.008212501034,0.01055345654,0.003839141491,0.01064758007,0.01018615769,0.003135705433,0.01513971149,0.004589064609,0.01215368418,0.005448564367,0.007237422185,0.002991774345,0.004965047861,0.001768423946,0.001271114576,0.001045064862,0.000860521452
0.05474638306,0.02265916219,0.02659332549,0.01805237013,0.01134646526,0.05113347528,0.04490975792,0.009169168109,0.03962790335,0.01107388482,0.005018400701,0.02319428384,0.003347628596,0.04744207894,0.05855551226,0.004737606336,0.01280215436,0.0257162614,0.03849559932,0.01447262225,0.001706974196,0.00965804844,0.01831977884,0.02059442616,0.1049957972,0.03948248655,0.05399100667,0,0.02027773392,0.02109517104,0.02084997032,0.01239297947,0.02180278501,0.00519667318,0.03393626546,0.01346565654,0.00809010244,0.01287303744,0.01176385407,0.007332900734,0.006124237665,0.003097256155,0.005253866398,0.0109598026,0.003347628596,0.001706974196,0.001978033545,0.002051654603,0.002917158361,0.001643696592
0.04442020299,0.05329689251,0.1131293787,0.02743470887,0.005248608063,0.04169441032,0.04071943372,0.007064431704,0.03656278848,0.005270277257,0.01384085513,0.06528791159,0.009140834267,0.006429579164,0.03680910413,0.002145661697,0.004974588755,0.004495672127,0.04171182797,0.002110963556,0.002164450809,0.01307324448,0.02176341436,0.007979338012,0.03979890439,0.01952339567,0.09006444117,0,0.007808178804,0.009009447632,0.01957413998,0.006968291797,0.04617376198,0.009984561385,0.03981659633,0.02100444397,0.007075403448,0.00993505139,0.009289501399,0.01262984888,0.0132760846,0.001393274348,0.01059006451,0.005209521225,0.009140834267,0.002164450809,0.0006035830699,0.001216492122,0.0002934941535,0.0006876540587
0.03226712652,0.0883779096,0.1181326577,0.02018915732,0.008540530745,0.01806554519,0.0263222813,0.004345014317,0.03524930419,0.003550006326,0.01505296522,0.07652915454,0.007991613755,0.006094343103,0.0595460028,0.002175559357,0.02002864758,0.001067072605,0.04299793899,0.002092611369,0.003946193687,0.01289775386,0.01801826603,0.0225459335,0.02800290569,0.01731877391,0.08907608509,0,0.009066466474,0.01442469107,0.01570469942,0.004962755396,0.0362376181,0.00413112102,0.03291766377,0.01574096672,0.004060262132,0.009848786895,0.005002254438,0.0160117147,0.008385886011,0.00467237759,0.01464947652,0.00471594623,0.007991613755,0.003946193687,0.001875845414,0.001561887877,0.002728426252,0.0009419923053
0.02672561409,0.06760798836,0.08915615588,0.04060033551,0.01368192564,0.02977302503,0.04720354265,0.009077935325,0.05516047783,0.01769370223,0.01101420829,0.05319568192,0.004653107793,0.02406756554,0.06100458784,0.002361216528,0.009375830912,0.008787871463,0.04288468511,0.005611865546,0.0009978196866,0.0113103635,0.02519881461,0.01366587544,0.02638817313,0.03404170151,0.07621311959,0,0.01022465446,0.01825816651,0.02380370412,0.008502448622,0.04200627505,0.009430846358,0.02626450924,0.01218210209,0.002924617237,0.006064848611,0.004720982736,0.00705357963,0.003280622284,0.001265258568,0.006607848161,0.001636733688,0.004653107793,0.0009978196866,0.0005759701428,0.0005690086101,0.0007684758594,0.0007552296097
0.04635845119,0.1275712074,0.08375074295,0.04218300445,0.01420044141,0.01455005903,0.03807614242,0.005922125581,0.01537906501,0.006346787094,0.003405630312,0.0651855422,0.00732388438,0.01358952073,0.014491809,0.001521312289,0.002389777965,0.002653429817,0.05438779512,0.006355477623,0.001410566767,0.007828874564,0.01692550937,0.006718718236,0.01000643921,0.003443680735,0.09167509589,0,0.02713993407,0.01401594383,0.04660483943,0.004103221403,0.08750857456,0.002731174817,0.03595659292,0.01623766576,0.003297233582,0.0117052027,0.001835345719,0.0113057907,0.009015601496,0.002046032321,0.005568632453,0.006214550129,0.00732388438,0.001410566767,0.0004731640583,0.000392600508,0.0007666455628,0.0006957120579
0.01969172512,0.1092447244,0.1278150883,0.02564525216,0.006934515161,0.02416661431,0.04685814323,0.005924295325,0.02078558015,0.006442143371,0.006980088225,0.06255598306,0.006404385732,0.006239246812,0.03000169199,0.001061679843,0.006904674446,0.005987326222,0.03693255318,0.007195266166,0.002753465659,0.01140737437,0.01269164159,0.006750294423,0.0247430273,0.009443875655,0.1195870695,0,0.01802277659,0.01551737455,0.02530634691,0.00820680549,0.06828438526,0.003470150303,0.05182936267,0.01727452574,0.006221281484,0.006083141306,0.001773289536,0.005517994712,0.003659750489,0.001639209319,0.002639888246,0.002746462226,0.006404385732,0.002753465659,0.0001905136775,0.0002503981046,0.0008137177156,0.0002470486366
0.03332665694,0.03342719398,0.0813000338,0.01158366559,0,0.03596487385,0.02189790445,0.004237811939,0.03528106555,0.002539635845,0.006008359048,0.05371376755,0.02540574712,0.003688574612,0.04755714572,0,0.0007413139134,0,0.04056806161,0,0.005398095351,0.001869519363,0.007201502813,0.006500481952,0.1179021638,0.005064406292,0.09999757459,0,0.01718752934,0.01370120238,0.04849992489,0.001533483135,0.01409670019,0.002050642498,0.05763040866,0.03676095502,0,0.002316263684,0.004540596619,0.005447385881,0.02378346279,0.0004858637891,0.03547705409,0.008045700927,0.02540574712,0.005398095351,0.003848964429,0.006830259065,0.002511078633,0.003273125865
0.03317839463,0.03980124821,0.1101324262,0.02989572194,0.01120541701,0.02713194656,0.04029455365,0.01341278973,0.02373058051,0.008802575307,0.0139349228,0.05186252221,0.01598447897,0.009803600012,0.04403935089,0.003025724393,0.004669487558,0.009932441863,0.03549563592,0.01031955574,0.002152659062,0.006617558703,0.01696579499,0.01033558743,0.03953297476,0.01518818926,0.08838536304,0,0.02058616277,0.01528570313,0.02382456446,0.007242500514,0.0403711822,0.006894509852,0.0579023517,0.02880600815,0.003073525309,0.007380608389,0.005875394339,0.004915699041,0.01088713645,0.004539321989,0.01017424095,0.01014835492,0.01598447897,0.002152659062,0.004124704204,0.002208696443,0.0006377377489,0.001152958075
0.03932884487,0.09644413911,0.1409412015,0.02361200123,0.006238340605,0.02017811659,0.04235897306,0.004447791931,0.01596664689,0.006048662697,0.008142534253,0.08727354251,0.008107618419,0.004014781665,0.03334381258,0.000784595188,0.004064391808,0.002573930571,0.04795588688,0.002404339378,0.004265393771,0.01311217635,0.01167563918,0.007641714473,0.03382697223,0.006434893833,0.1017734547,0,0.005653129659,0.01672225789,0.01557340562,0.002894239534,0.05398581096,0.01072023951,0.0413706797,0.01919049729,0.003182059247,0.01091261362,0.004986223749,0.01125152639,0.006162981721,0.001403643487,0.004773628111,0.004148243734,0.008107618419,0.004265393771,0.0001815892987,0.0006046236114,0.0007852692388,0.0001639291664
0.02960995876,0.03075816834,0.1378117819,0.02191870463,0.002959930605,0.05980581638,0.02576813623,0.002574150447,0.02303799973,0.00818432226,0.007062744442,0.0618579842,0.007874632862,0.0008834137359,0.07900275449,0.003844866156,0.002517843283,0.002914276149,0.03130602182,0.01028442726,0.01214408547,0.003561808525,0.01113207834,0.008173669553,0.04263441433,0.001815525559,0.08621768045,0,0.007242318638,0.007441676432,0.03146276879,0.001675518559,0.0315540777,0.00397117682,0.03908630214,0.04271811417,0,0.003617354781,0,0.006071281825,0.008901097229,0,0.0289144892,0.01214408547,0.03256075847,0.01226583068,0,0,0,0.01471595319
0.02725487173,0.05938777666,0.06813889487,0.03267442222,0.001152720772,0.03307775026,0.02595520657,0.00194600752,0.03044896007,0.002208425119,0.01368180056,0.06530234755,0.004177740244,0.008073777915,0.06366466296,0.001166445047,0.003092221093,0.001570837904,0.09856490227,0.001397273152,0.0006075357863,0.005184226502,0.002372998105,0.04847141748,0.04179763391,0.01467574567,0.2002061717,0,0.005148732687,0.005353768621,0.01583627508,0.00282791049,0.04920093368,0.00160775147,0.02154285221,0.01128573147,0.002271722421,0.004063331849,0.005288223377,0.002239304738,0.00379961281,0.0008735027674,0.002328867462,0.002032139176,0.004177740244,0.0006075357863,0.0003487858808,0.0007845316065,0.001571784405,0.0005561880685
0.02095531854,0.09920368544,0.1291283215,0.01150245717,0.00528270767,0.03271414313,0.03334974866,0.005615899812,0.02525225137,0.005213211215,0.00453766659,0.086059573,0.006342253796,0.004491498471,0.02939052708,0.002158787063,0.005646190006,0.003444532547,0.03597901085,0.002761537511,0.002251489716,0.006446803823,0.00784589326,0.01039075817,0.02832218703,0.01103430267,0.09817210889,0,0.007834290162,0.007042714549,0.02688315851,0.01511590641,0.07136223311,0.01124218134,0.05659759525,0.02108515111,0.005784450089,0.006045336605,0.005958862984,0.01298875306,0.007838076436,0.001004095527,0.01242154473,0.006321978907,0.006342253796,0.002251489716,0.0008633926875,0.0003562762016,0.0008161253271,0.0003512685485
0.0357267066,0.04351343382,0.1255975978,0.02069509094,0.004022207829,0.03740010635,0.02240314317,0.005846188353,0.01994155702,0.007532819049,0.003257333095,0.07157312177,0.002738805989,0.004960344962,0.03821349456,0.000937507088,0.003400353329,0.002350068171,0.05615087816,0.005178970607,0.009729156218,0.0118530382,0.01310619788,0.009750577751,0.04024475992,0.002556092914,0.1261501473,0,0.01293608571,0.01318306338,0.03068508582,0,0.02268666346,0.002665720759,0.04161132771,0.04884739552,0.001480605952,0.005574008876,0.005999919354,0.01371545148,0.01741633631,0,0.01858128968,0,0.02511863749,0.01162118161,0,0,0,0.003047528081
0.02695837744,0.07982095586,0.1207324158,0.02188891685,0.007095929908,0.03967633272,0.05493447221,0.009196961103,0.03459850446,0.01610925063,0.00384703429,0.05971181162,0.002194868589,0.01514218756,0.04157145957,0.00124483969,0.005951053937,0.007115205423,0.02057504392,0.003673853495,0.0006933208695,0.004449655641,0.01749843256,0.008489445086,0.03256306979,0.01421472147,0.1476751039,0,0.01129171655,0.01104352561,0.03552806246,0.008850748936,0.02446929575,0.005723931584,0.03568719753,0.02209721195,0.0020680088,0.0106435213,0.003726599674,0.006299656866,0.006019489489,0.004462207139,0.006533652659,0.003821483025,0.002194868589,0.0006933208695,0.0002812133354,0.0002712020211,0.0001404572451,0.000529404276
0.01590662174,0.0577904782,0.122398099,0.04259059639,0.006596062521,0.02842304028,0.04349427924,0.01124842446,0.01696401289,0.009316792427,0.01249135308,0.06433985796,0.01196046925,0.0125359139,0.05111789308,0.001850732919,0.004592417021,0.004304761005,0.04169036171,0.01466196904,0.001755510688,0.01322461731,0.01460892044,0.007664328638,0.02431482432,0.01934562964,0.1011413936,0,0.0119169694,0.01393798831,0.02739787615,0.005578590435,0.03539574784,0.01350630536,0.04956463017,0.01442762686,0.007649475031,0.00798898605,0.004078773983,0.009168521599,0.009684419203,0.002165576341,0.007930102108,0.005543313118,0.01196046925,0.001755510688,0.001603924323,0.0005173564399,0.001100625761,0.0007978508952
0.02467904842,0.06174000142,0.1063218757,0.03213389282,0.006216927359,0.04078905875,0.05638571973,0.005218254366,0.02896311176,0.01483244714,0.01000769227,0.05719026327,0.01160629818,0.002854751068,0.04374588728,0.0008811016345,0.006902988135,0.004111807628,0.04213793946,0.00493207292,0.001765848893,0.009933412686,0.01660490373,0.008975069404,0.02546513599,0.01226228256,0.07508366706,0,0.01829556164,0.02930807888,0.0422992583,0.01046339521,0.04516722475,0.006547767694,0.02931582583,0.03070139062,0.001561921827,0.01110639205,0.006989343842,0.01008288325,0.008140221617,0.0008742660904,0.01023372092,0.005963556524,0.01160629818,0.001765848893,0.001252271679,0.001046521802,0.002603886599,0.002932904122
0.01573358879,0.05389867374,0.07172315687,0.05695856126,0.0251161688,0.02115572714,0.05406818756,0.01376776607,0.03019131256,0.01237143683,0.01208491433,0.07349527694,0.008082142209,0.01452587485,0.03877738882,0.003650018286,0.005111043067,0.00556784728,0.04782910013,0.01714143653,0.003167873389,0.008975113337,0.02071869634,0.007923570963,0.01867733151,0.02363517863,0.0891136808,0,0.01641154806,0.0251138651,0.02522713027,0.006519850682,0.05297469867,0.00676749827,0.02451653528,0.006716240978,0.005424921986,0.01199977347,0.007422612528,0.008763077088,0.01069684,0.004816361635,0.01159643426,0.005110467142,0.008082142209,0.003167873389,0.001086385814,0.001626315148,0.0007591646405,0.001739196374
0.03553136011,0.0503549781,0.1416184327,0.03985400696,0.001374952703,0.02013000037,0.06309836241,0.00729856192,0.01581873879,0.004584023515,0.006967783569,0.0815870675,0.01286486754,0.005635949539,0.01787147826,0.0004665537184,0.002038568441,0.004897239484,0.01706167084,0.002919230976,0.002770616902,0.01287819072,0.02414245925,0.006252813009,0.04132815683,0.006120913476,0.1230564501,0,0.03430017669,0.01030330352,0.03132995425,0.004490882339,0.04037748701,0.003016853587,0.03432040371,0.01635481531,0.003456760935,0.003268419546,0.006214296892,0.01953360616,0.007957090623,0.0004190747314,0.01263534539,0.004609579806,0.01286486754,0.002770616902,0.0004747898691,0.0004729730712,0.0006454477583,0.001659826624
0.02766725945,0.04576312891,0.1067846926,0.02755531762,0.01878751005,0.07380037791,0.05141637309,0.006035227513,0.05966245177,0.00451747074,0.01997125857,0.08071932803,0.003732969304,0.007525362275,0.03117289234,0.002562123173,0.007654204415,0.008510305009,0.03377299578,0.01878333041,0.000618042479,0.02071541733,0.01011056436,0.01355404773,0.0221397681,0.01254838849,0.05881943528,0,0.01908172081,0.01043003472,0.02152136217,0.008124687208,0.05410170497,0.011156748,0.03327943407,0.015374738,0.003538888338,0.008173570897,0.005311785258,0.006785201435,0.004047714842,0.004046624499,0.006111733212,0.005670144496,0.003732969304,0.000618042479,0.001527206408,0.0007354360225,0.0005791535962,0.001150856519
0.03484767223,0.08149830069,0.06888123422,0.02166659394,0.006569189282,0.05558237975,0.05277921283,0.005092998605,0.04762005311,0.006069461669,0.02210719885,0.05710596243,0.007311038443,0.009162142138,0.03599258808,0.004361003228,0.002706505984,0.004378364657,0.05945773219,0.004196304268,0.001341522297,0.007859096521,0.01506221257,0.0137413363,0.01106392243,0.01143648931,0.06784471,0,0.0075212525,0.01343915359,0.02401179451,0.00888999001,0.05517180541,0.00448253323,0.06392196554,0.03530939239,0.002470953626,0.004412149059,0.008431554444,0.006869495078,0.008671329853,0.004901084432,0.003610238738,0.006922048592,0.007311038443,0.001341522297,0.002425907756,0.001198877044,0.00745509138,0.005495596062
0.0406609808,0.05330162984,0.1408309933,0.0391790988,0.00974845005,0.03117010392,0.03042637533,0.008167025809,0.06797914438,0.02708055968,0.01107706536,0.06191517662,0.007244384733,0.01198804925,0.03069935626,0.0016690052,0.006154792452,0.002554039175,0.06034632187,0.006195846027,0.002433311256,0.007172515635,0.01888869899,0.007947972045,0.01630952084,0.01515850025,0.09920206042,0,0.01131284466,0.009288041813,0.01834202757,0.00549884756,0.03462539576,0.00565110057,0.02231074251,0.02000768766,0.001838794675,0.004792827444,0.007316456564,0.00679705282,0.007527907815,0.0008126580436,0.01015057235,0.005576190468,0.007244384733,0.002433311256,0.000836884721,0.0004368911273,0.0006017136269,0.00109668796
0.01689080809,0.09569944915,0.0980753396,0.01015628158,0.002354613826,0.04616366977,0.05163601926,0.003408752686,0.05794123064,0.00941703686,0.003320336464,0.05016911376,0.008597886569,0.003939486425,0.03905987551,0.0004250598051,0.0008822709636,0.0003898351605,0.01800121182,0.0003413717233,0.00101300404,0.006407812022,0.01747307856,0.0007044928916,0.03053953044,0.01920948805,0.1107784339,0,0.01225392099,0.01990688873,0.06575755563,0.01271609669,0.02757002198,0.005208755665,0.05188424662,0.02721162896,0.0003929084516,0.01119079866,0.006563840649,0.007403558351,0.01759553739,0.000401655511,0.01788986412,0.002379909376,0.008597886569,0.00101300404,0.0002494093962,0.0001898348295,0.0004881804769,0.0001390073222
0.00545840823,0.1608395551,0.1126573469,0.004470447356,0.003093047598,0.01421829918,0.03547349764,0.005571805575,0.01985101533,0.0009302902238,0.004307587168,0.03834947032,0.01063170313,0.006061682108,0.01727095572,0.001595338656,0.005540054318,0.004771544308,0.007782081837,0.00310622329,0.004085328371,0.006680291628,0.0283450165,0.01311802093,0.03046651884,0.007921182581,0.2489009097,0,0.01784831021,0.004403704918,0.0215394478,0.001495548992,0.05334340734,0.0006821120331,0.03144519193,0.01643483929,0.0006425849584,0.001672016861,0.004495502769,0.006366882964,0.01242424517,0.00119488403,0.006395610292,0.001931642784,0.01063170313,0.004085328371,0.0001326208956,0.0005350194763,0.0001308929361,0.000670880296
0.01848907428,0.01129381226,0.2055632434,0.0177846153,0.004440867079,0.007713363177,0.1208087665,0.00109832159,0.005326397122,0.001107573397,0.005901330806,0.2111936284,0.002384322682,0,0.005455922412,0.0003198481646,0.0006225144031,0.0009476493142,0.05097613166,0.001942879347,0.0002233650406,0.004703882719,0.01343890966,0.0006767035549,0.03360123921,0.004574357429,0.1123142865,0,0.03497579331,0.0003713939432,0.03675478351,0,0.007319500561,0.0004559818876,0.06918633006,0.0004255830951,0,0,0.0003158831047,0.00120802158,0.000955579434,0,0,0,0.0003357084042,0.0002233650406,0,0.004442188766,0.0001268819166,0
0.05669771107,0.0609979965,0.1299343463,0.02137624987,0.002567620502,0.03631065896,0.02644972795,0.003447164289,0.03256227652,0.003957121332,0.007052534163,0.0825258463,0.009600337681,0.004073711252,0.03728598483,0.001475704708,0.01169135973,0.001598239723,0.02115760249,0.002976180646,0.001517650657,0.01206259789,0.01367933346,0.01061893064,0.03543474829,0.01537203414,0.06900405786,0,0.009635347686,0.009707349393,0.02275055768,0.002023314021,0.04462619554,0.0096175124,0.04696790243,0.03867251312,0.004326047509,0.01969576967,0.01256694012,0.01153843867,0.01979947855,0.001114044759,0.00883143872,0.007103728037,0.009600337681,0.001517650657,0.000647354796,0.001812593429,0.002095646011,0.003922111328